#
# There is insufficient memory for the Java Runtime Environment to continue.
# Native memory allocation (mmap) failed to map 417333248 bytes. Error detail: G1 virtual space
# Possible reasons:
#   The system is out of physical RAM or swap space
#   This process is running with CompressedOops enabled, and the Java Heap may be blocking the growth of the native heap
# Possible solutions:
#   Reduce memory load on the system
#   Increase physical memory or swap space
#   Check if swap backing store is full
#   Decrease Java heap size (-Xmx/-Xms)
#   Decrease number of Java threads
#   Decrease Java thread stack sizes (-Xss)
#   Set larger code cache with -XX:ReservedCodeCacheSize=
#   JVM is running with Unscaled Compressed Oops mode in which the Java heap is
#     placed in the first 4GB address space. The Java Heap base address is the
#     maximum limit for the native heap growth. Please use -XX:HeapBaseMinAddress
#     to set the Java Heap base and to place the Java Heap above 4GB virtual address.
# This output file may be truncated or incomplete.
#
#  Out of Memory Error (os_windows.cpp:3766), pid=18464, tid=8900
#
# JRE version: OpenJDK Runtime Environment (25.0.3) (build 25.0.3+-15898627-b508.16)
# Java VM: OpenJDK 64-Bit Server VM (25.0.3+-15898627-b508.16, mixed mode, tiered, compressed oops, compressed class ptrs, g1 gc, windows-amd64)
# No core dump will be written. Minidumps are not enabled by default on client versions of Windows
#

---------------  S U M M A R Y ------------

Command Line: --add-opens=java.base/java.lang=ALL-UNNAMED --add-opens=java.base/java.lang.invoke=ALL-UNNAMED --add-opens=java.base/java.util=ALL-UNNAMED --add-opens=java.prefs/java.util.prefs=ALL-UNNAMED --add-exports=jdk.compiler/com.sun.tools.javac.api=ALL-UNNAMED --add-exports=jdk.compiler/com.sun.tools.javac.util=ALL-UNNAMED --add-opens=java.base/java.nio.charset=ALL-UNNAMED --add-opens=java.base/java.net=ALL-UNNAMED --add-opens=java.base/java.util.concurrent=ALL-UNNAMED --add-opens=java.base/java.util.concurrent.atomic=ALL-UNNAMED --add-opens=java.xml/javax.xml.namespace=ALL-UNNAMED --add-opens=java.base/java.time=ALL-UNNAMED --enable-native-access=ALL-UNNAMED -Xmx2048m -Dfile.encoding=UTF-8 -Duser.country=IN -Duser.language=en -Duser.variant -javaagent:C:\Users\jerin\.gradle\wrapper\dists\gradle-9.6.0-bin\42k10rwplmzkhuboz9kdazi7s\gradle-9.6.0\lib\agents\gradle-instrumentation-agent-9.6.0.jar org.gradle.launcher.daemon.bootstrap.GradleDaemon 9.6.0

Host: AMD Ryzen 7 4800H with Radeon Graphics         , 16 cores, 15G,  Windows 11 , 64 bit Build 26100 (10.0.26100.9444)
Time: Sun Sep 13 18:28:49 2026 Eastern Daylight Time elapsed time: 23.111724 seconds (0d 0h 0m 23s)

---------------  T H R E A D  ---------------

Current thread (0x000002df1f8f2890):  VMThread "VM Thread"          [id=8900, stack(0x000000f09c900000,0x000000f09ca00000) (1024K)]

Stack: [0x000000f09c900000,0x000000f09ca00000]
Native frames: (J=compiled Java code, j=interpreted, Vv=VM code, C=native code)
V  [jvm.dll+0x7bf039]  (no source info available)
V  [jvm.dll+0x78912d]  (no source info available)
V  [jvm.dll+0xa0e615]  (no source info available)
V  [jvm.dll+0xa10c94]  (no source info available)
V  [jvm.dll+0xa11393]  (no source info available)
V  [jvm.dll+0x30a116]  (no source info available)
V  [jvm.dll+0x7bb145]  (no source info available)
V  [jvm.dll+0x7adc17]  (no source info available)
V  [jvm.dll+0x3fea3b]  (no source info available)
V  [jvm.dll+0x406bf6]  (no source info available)
V  [jvm.dll+0x3f30a6]  (no source info available)
V  [jvm.dll+0x3f3388]  (no source info available)
V  [jvm.dll+0x3c8622]  (no source info available)
V  [jvm.dll+0x3c86ba]  (no source info available)
V  [jvm.dll+0x417e60]  (no source info available)
V  [jvm.dll+0x416781]  (no source info available)
V  [jvm.dll+0x3c7d57]  (no source info available)
V  [jvm.dll+0x415bbf]  (no source info available)
V  [jvm.dll+0xa1765a]  (no source info available)
V  [jvm.dll+0xa18961]  (no source info available)
V  [jvm.dll+0xa18ed8]  (no source info available)
V  [jvm.dll+0xa19163]  (no source info available)
V  [jvm.dll+0x9ad738]  (no source info available)
V  [jvm.dll+0x7bd585]  (no source info available)
C  [ucrtbase.dll+0x2cd30]  (no source info available)
C  [KERNEL32.DLL+0x2cd87]  (no source info available)
C  [ntdll.dll+0xacaec]  (no source info available)

VM_Operation (0x000000f0a0ef97d8): G1CollectForAllocation, mode: safepoint, requested by thread 0x000002df288ff3d0


---------------  P R O C E S S  ---------------

Threads class SMR info:
_java_thread_list=0x000002df3233ddc0, length=106, elements={
0x000002df07642590, 0x000002df1f91bc30, 0x000002df1f91ef50, 0x000002df1f91fb10,
0x000002df2401a990, 0x000002df2401b550, 0x000002df2401cdb0, 0x000002df2401e4e0,
0x000002df24021f50, 0x000002df24025410, 0x000002df241945d0, 0x000002df241b2f10,
0x000002df243af1d0, 0x000002df2468e0c0, 0x000002df27435c00, 0x000002df25cd06d0,
0x000002df27399170, 0x000002df25d8ae20, 0x000002df25d0ed00, 0x000002df25c52aa0,
0x000002df25c570f0, 0x000002df25c578c0, 0x000002df275d3ef0, 0x000002df275d5660,
0x000002df275d2f50, 0x000002df275d6dd0, 0x000002df275d94e0, 0x000002df275d75a0,
0x000002df275d8540, 0x000002df275da480, 0x000002df27869120, 0x000002df2786b060,
0x000002df2786b830, 0x000002df278698f0, 0x000002df2786c7d0, 0x000002df2786fe80,
0x000002df27870650, 0x000002df2786eee0, 0x000002df2852c340, 0x000002df2852e280,
0x000002df2852b3a0, 0x000002df2852f220, 0x000002df28532100, 0x000002df28531930,
0x000002df288ed460, 0x000002df288edc30, 0x000002df288f2a50, 0x000002df288efb70,
0x000002df288f0b10, 0x000002df288f0340, 0x000002df288f41c0, 0x000002df288f1ab0,
0x000002df288ff3d0, 0x000002df288fdc60, 0x000002df288fec00, 0x000002df288fd490,
0x000002df28902a80, 0x000002df28901310, 0x000002df28903a20, 0x000002df242fee90,
0x000002df24300dd0, 0x000002df24301d70, 0x000002df243015a0, 0x000002df241b56b0,
0x000002df24303cb0, 0x000002df29d5b280, 0x000002df2b899200, 0x000002df27ed0740,
0x000002df29d62f80, 0x000002df29d63f20, 0x000002df29d646f0, 0x000002df29d64ec0,
0x000002df29d65e60, 0x000002df29d67da0, 0x000002df29d66e00, 0x000002df29d66630,
0x000002df27ea65c0, 0x000002df27ea4680, 0x000002df27ea5620, 0x000002df27ea36e0,
0x000002df27ea8cd0, 0x000002df27ea9c70, 0x000002df27ea7d30, 0x000002df27ea7560,
0x000002df27eadaf0, 0x000002df27eb11a0, 0x000002df27eb2140, 0x000002df2c3e42d0,
0x000002df2c3e3b00, 0x000002df2c3e4aa0, 0x000002df2c3eb800, 0x000002df2c3e8920,
0x000002df2c3ebfd0, 0x000002df2c3e90f0, 0x000002df2c3e98c0, 0x000002df2c3edf10,
0x000002df2c3eeeb0, 0x000002df2c3efe50, 0x000002df2c266350, 0x000002df2c3f2560,
0x000002df313b17f0, 0x000002df313b0080, 0x000002df2bd71080, 0x000002df2b9d5ea0,
0x000002df2bd77140, 0x000002df2b8961a0
}

Java Threads: ( => current thread )
  0x000002df07642590 JavaThread "main"                              [_thread_blocked, id=20096, stack(0x000000f09c200000,0x000000f09c300000) (1024K)]
  0x000002df1f91bc30 JavaThread "Common-Cleaner"             daemon [_thread_blocked, id=23008, stack(0x000000f09ca00000,0x000000f09cb00000) (1024K)]
  0x000002df1f91ef50 JavaThread "Reference Handler"          daemon [_thread_blocked, id=24428, stack(0x000000f09cb00000,0x000000f09cc00000) (1024K)]
  0x000002df1f91fb10 JavaThread "Finalizer"                  daemon [_thread_blocked, id=11984, stack(0x000000f09cc00000,0x000000f09cd00000) (1024K)]
  0x000002df2401a990 JavaThread "Signal Dispatcher"          daemon [_thread_blocked, id=12480, stack(0x000000f09cd00000,0x000000f09ce00000) (1024K)]
  0x000002df2401b550 JavaThread "Attach Listener"            daemon [_thread_blocked, id=18764, stack(0x000000f09ce00000,0x000000f09cf00000) (1024K)]
  0x000002df2401cdb0 JavaThread "Service Thread"             daemon [_thread_blocked, id=20380, stack(0x000000f09cf00000,0x000000f09d000000) (1024K)]
  0x000002df2401e4e0 JavaThread "Monitor Deflation Thread"   daemon [_thread_blocked, id=15404, stack(0x000000f09d000000,0x000000f09d100000) (1024K)]
  0x000002df24021f50 JavaThread "C2 CompilerThread0"         daemon [_thread_blocked, id=11056, stack(0x000000f09d100000,0x000000f09d200000) (1024K)]
  0x000002df24025410 JavaThread "C1 CompilerThread0"         daemon [_thread_blocked, id=13732, stack(0x000000f09d200000,0x000000f09d300000) (1024K)]
  0x000002df241945d0 JavaThread "C1 CompilerThread1"         daemon [_thread_blocked, id=23764, stack(0x000000f09d300000,0x000000f09d400000) (1024K)]
  0x000002df241b2f10 JavaThread "C1 CompilerThread2"         daemon [_thread_blocked, id=7348, stack(0x000000f09d400000,0x000000f09d500000) (1024K)]
  0x000002df243af1d0 JavaThread "Notification Thread"        daemon [_thread_blocked, id=12428, stack(0x000000f09d500000,0x000000f09d600000) (1024K)]
  0x000002df2468e0c0 JavaThread "C1 CompilerThread3"         daemon [_thread_blocked, id=24924, stack(0x000000f09d600000,0x000000f09d700000) (1024K)]
  0x000002df27435c00 JavaThread "Daemon health stats"               [_thread_blocked, id=3696, stack(0x000000f09e000000,0x000000f09e100000) (1024K)]
  0x000002df25cd06d0 JavaThread "Incoming local TCP Connector on port 64797"        [_thread_in_native, id=22288, stack(0x000000f09e100000,0x000000f09e200000) (1024K)]
  0x000002df27399170 JavaThread "Daemon periodic checks"            [_thread_blocked, id=7864, stack(0x000000f09e200000,0x000000f09e300000) (1024K)]
  0x000002df25d8ae20 JavaThread "Daemon"                            [_thread_blocked, id=5304, stack(0x000000f09e300000,0x000000f09e400000) (1024K)]
  0x000002df25d0ed00 JavaThread "Handler for socket connection from /127.0.0.1:64797 to /127.0.0.1:64798"        [_thread_in_native, id=21580, stack(0x000000f09e400000,0x000000f09e500000) (1024K)]
  0x000002df25c52aa0 JavaThread "Cancel handler"                    [_thread_blocked, id=10820, stack(0x000000f09ee00000,0x000000f09ef00000) (1024K)]
  0x000002df25c570f0 JavaThread "Daemon worker"                     [_thread_blocked, id=19632, stack(0x000000f09ef00000,0x000000f09f000000) (1024K)]
  0x000002df25c578c0 JavaThread "Asynchronous log dispatcher for DefaultDaemonConnection: socket connection from /127.0.0.1:64797 to /127.0.0.1:64798"        [_thread_blocked, id=8612, stack(0x000000f09f000000,0x000000f09f100000) (1024K)]
  0x000002df275d3ef0 JavaThread "Stdin handler"                     [_thread_blocked, id=25948, stack(0x000000f09f100000,0x000000f09f200000) (1024K)]
  0x000002df275d5660 JavaThread "Daemon client event forwarder"        [_thread_blocked, id=6976, stack(0x000000f09f200000,0x000000f09f300000) (1024K)]
  0x000002df275d2f50 JavaThread "Cache worker for journal cache (C:\Users\jerin\.gradle\caches\journal-1)"        [_thread_blocked, id=13860, stack(0x000000f09f300000,0x000000f09f400000) (1024K)]
  0x000002df275d6dd0 JavaThread "File lock request listener"        [_thread_in_native, id=13020, stack(0x000000f09f400000,0x000000f09f500000) (1024K)]
  0x000002df275d94e0 JavaThread "Cache worker for file hash cache (C:\Users\jerin\.gradle\caches\9.6.0\fileHashes)"        [_thread_blocked, id=2840, stack(0x000000f09f500000,0x000000f09f600000) (1024K)]
  0x000002df275d75a0 JavaThread "Cache worker for file hash cache (C:\Users\jerin\AndroidStudioProjects\MobilityLensAssignment1\.gradle\9.6.0\fileHashes)"        [_thread_blocked, id=11516, stack(0x000000f09da00000,0x000000f09db00000) (1024K)]
  0x000002df275d8540 JavaThread "Cache worker for Build Output Cleanup Cache (C:\Users\jerin\AndroidStudioProjects\MobilityLensAssignment1\.gradle\buildOutputCleanup)"        [_thread_blocked, id=19752, stack(0x000000f09f600000,0x000000f09f700000) (1024K)]
  0x000002df275da480 JavaThread "File watcher server"        daemon [_thread_blocked, id=16972, stack(0x000000f09f700000,0x000000f09f800000) (1024K)]
  0x000002df27869120 JavaThread "File watcher consumer"      daemon [_thread_blocked, id=11916, stack(0x000000f09f800000,0x000000f09f900000) (1024K)]
  0x000002df2786b060 JavaThread "jar transforms"                    [_thread_blocked, id=11388, stack(0x000000f09f900000,0x000000f09fa00000) (1024K)]
  0x000002df2786b830 JavaThread "jar transforms Thread 2"           [_thread_blocked, id=13900, stack(0x000000f09fa00000,0x000000f09fb00000) (1024K)]
  0x000002df278698f0 JavaThread "jar transforms Thread 3"           [_thread_blocked, id=16524, stack(0x000000f09fb00000,0x000000f09fc00000) (1024K)]
  0x000002df2786c7d0 JavaThread "jar transforms Thread 4"           [_thread_blocked, id=2492, stack(0x000000f09fc00000,0x000000f09fd00000) (1024K)]
  0x000002df2786fe80 JavaThread "Cache worker for file content cache (C:\Users\jerin\.gradle\caches\9.6.0\fileContent)"        [_thread_blocked, id=7100, stack(0x000000f09fd00000,0x000000f09fe00000) (1024K)]
  0x000002df27870650 JavaThread "Cache worker for checksums cache (C:\Users\jerin\AndroidStudioProjects\MobilityLensAssignment1\.gradle\9.6.0\checksums)"        [_thread_blocked, id=436, stack(0x000000f09fe00000,0x000000f09ff00000) (1024K)]
  0x000002df2786eee0 JavaThread "Cache worker for cache directory md-supplier (C:\Users\jerin\.gradle\caches\9.6.0\md-supplier)"        [_thread_blocked, id=19500, stack(0x000000f09ff00000,0x000000f0a0000000) (1024K)]
  0x000002df2852c340 JavaThread "Cache worker for cache directory md-rule (C:\Users\jerin\.gradle\caches\9.6.0\md-rule)"        [_thread_blocked, id=25448, stack(0x000000f0a0000000,0x000000f0a0100000) (1024K)]
  0x000002df2852e280 JavaThread "jar transforms Thread 5"           [_thread_blocked, id=17828, stack(0x000000f0a0100000,0x000000f0a0200000) (1024K)]
  0x000002df2852b3a0 JavaThread "jar transforms Thread 6"           [_thread_blocked, id=20000, stack(0x000000f0a0200000,0x000000f0a0300000) (1024K)]
  0x000002df2852f220 JavaThread "jar transforms Thread 7"           [_thread_blocked, id=11276, stack(0x000000f0a0300000,0x000000f0a0400000) (1024K)]
  0x000002df28532100 JavaThread "Build operations"                  [_thread_blocked, id=13652, stack(0x000000f0a0400000,0x000000f0a0500000) (1024K)]
  0x000002df28531930 JavaThread "Build operations Thread 2"         [_thread_blocked, id=13648, stack(0x000000f0a0500000,0x000000f0a0600000) (1024K)]
  0x000002df288ed460 JavaThread "Build operations Thread 3"         [_thread_blocked, id=10660, stack(0x000000f0a0600000,0x000000f0a0700000) (1024K)]
  0x000002df288edc30 JavaThread "Build operations Thread 4"         [_thread_blocked, id=22708, stack(0x000000f0a0700000,0x000000f0a0800000) (1024K)]
  0x000002df288f2a50 JavaThread "Build operations Thread 5"         [_thread_blocked, id=22856, stack(0x000000f0a0800000,0x000000f0a0900000) (1024K)]
  0x000002df288efb70 JavaThread "Build operations Thread 6"         [_thread_blocked, id=23972, stack(0x000000f0a0900000,0x000000f0a0a00000) (1024K)]
  0x000002df288f0b10 JavaThread "Build operations Thread 7"         [_thread_blocked, id=10204, stack(0x000000f0a0a00000,0x000000f0a0b00000) (1024K)]
  0x000002df288f0340 JavaThread "Build operations Thread 8"         [_thread_blocked, id=11408, stack(0x000000f0a0b00000,0x000000f0a0c00000) (1024K)]
  0x000002df288f41c0 JavaThread "Build operations Thread 9"         [_thread_blocked, id=20068, stack(0x000000f0a0c00000,0x000000f0a0d00000) (1024K)]
  0x000002df288f1ab0 JavaThread "Build operations Thread 10"        [_thread_blocked, id=1504, stack(0x000000f0a0d00000,0x000000f0a0e00000) (1024K)]
  0x000002df288ff3d0 JavaThread "Build operations Thread 11"        [_thread_blocked, id=2528, stack(0x000000f0a0e00000,0x000000f0a0f00000) (1024K)]
  0x000002df288fdc60 JavaThread "Build operations Thread 12"        [_thread_blocked, id=1744, stack(0x000000f0a0f00000,0x000000f0a1000000) (1024K)]
  0x000002df288fec00 JavaThread "Build operations Thread 13"        [_thread_blocked, id=24412, stack(0x000000f0a1000000,0x000000f0a1100000) (1024K)]
  0x000002df288fd490 JavaThread "Build operations Thread 14"        [_thread_blocked, id=2268, stack(0x000000f0a1100000,0x000000f0a1200000) (1024K)]
  0x000002df28902a80 JavaThread "Build operations Thread 15"        [_thread_blocked, id=21688, stack(0x000000f0a1200000,0x000000f0a1300000) (1024K)]
  0x000002df28901310 JavaThread "Build operations Thread 16"        [_thread_blocked, id=25824, stack(0x000000f0a1300000,0x000000f0a1400000) (1024K)]
  0x000002df28903a20 JavaThread "jar transforms Thread 8"           [_thread_blocked, id=20348, stack(0x000000f0a1400000,0x000000f0a1500000) (1024K)]
  0x000002df242fee90 JavaThread "jar transforms Thread 9"           [_thread_blocked, id=17068, stack(0x000000f0a1500000,0x000000f0a1600000) (1024K)]
  0x000002df24300dd0 JavaThread "jar transforms Thread 10"          [_thread_blocked, id=25704, stack(0x000000f0a1600000,0x000000f0a1700000) (1024K)]
  0x000002df24301d70 JavaThread "jar transforms Thread 11"          [_thread_blocked, id=26148, stack(0x000000f0a1700000,0x000000f0a1800000) (1024K)]
  0x000002df243015a0 JavaThread "jar transforms Thread 12"          [_thread_blocked, id=19388, stack(0x000000f0a1800000,0x000000f0a1900000) (1024K)]
  0x000002df241b56b0 JavaThread "build event listener"              [_thread_blocked, id=21796, stack(0x000000f09d800000,0x000000f09d900000) (1024K)]
  0x000002df24303cb0 JavaThread "Memory manager"                    [_thread_blocked, id=21904, stack(0x000000f09d900000,0x000000f09da00000) (1024K)]
  0x000002df29d5b280 JavaThread "build event listener"              [_thread_blocked, id=9732, stack(0x000000f0a1a00000,0x000000f0a1b00000) (1024K)]
  0x000002df2b899200 JavaThread "C2 CompilerThread1"         daemon [_thread_blocked, id=16828, stack(0x000000f09d700000,0x000000f09d800000) (1024K)]
  0x000002df27ed0740 JavaThread "C2 CompilerThread2"         daemon [_thread_blocked, id=11188, stack(0x000000f0a1900000,0x000000f0a1a00000) (1024K)]
  0x000002df29d62f80 JavaThread "included builds"                   [_thread_blocked, id=2816, stack(0x000000f0a1c00000,0x000000f0a1d00000) (1024K)]
  0x000002df29d63f20 JavaThread "Execution worker"                  [_thread_blocked, id=23572, stack(0x000000f0a1d00000,0x000000f0a1e00000) (1024K)]
  0x000002df29d646f0 JavaThread "Execution worker Thread 2"         [_thread_blocked, id=26244, stack(0x000000f0a1e00000,0x000000f0a1f00000) (1024K)]
  0x000002df29d64ec0 JavaThread "Execution worker Thread 3"         [_thread_blocked, id=7884, stack(0x000000f0a1f00000,0x000000f0a2000000) (1024K)]
  0x000002df29d65e60 JavaThread "Execution worker Thread 4"         [_thread_blocked, id=26112, stack(0x000000f0a2000000,0x000000f0a2100000) (1024K)]
  0x000002df29d67da0 JavaThread "Execution worker Thread 5"         [_thread_blocked, id=7200, stack(0x000000f0a2100000,0x000000f0a2200000) (1024K)]
  0x000002df29d66e00 JavaThread "Execution worker Thread 6"         [_thread_blocked, id=15660, stack(0x000000f0a2200000,0x000000f0a2300000) (1024K)]
  0x000002df29d66630 JavaThread "Execution worker Thread 7"         [_thread_blocked, id=14416, stack(0x000000f0a2300000,0x000000f0a2400000) (1024K)]
  0x000002df27ea65c0 JavaThread "Execution worker Thread 8"         [_thread_blocked, id=6528, stack(0x000000f0a2400000,0x000000f0a2500000) (1024K)]
  0x000002df27ea4680 JavaThread "Execution worker Thread 9"         [_thread_blocked, id=15524, stack(0x000000f0a2500000,0x000000f0a2600000) (1024K)]
  0x000002df27ea5620 JavaThread "Execution worker Thread 10"        [_thread_blocked, id=18600, stack(0x000000f0a2600000,0x000000f0a2700000) (1024K)]
  0x000002df27ea36e0 JavaThread "Execution worker Thread 11"        [_thread_blocked, id=4492, stack(0x000000f0a2700000,0x000000f0a2800000) (1024K)]
  0x000002df27ea8cd0 JavaThread "Execution worker Thread 12"        [_thread_blocked, id=10400, stack(0x000000f0a2800000,0x000000f0a2900000) (1024K)]
  0x000002df27ea9c70 JavaThread "Execution worker Thread 13"        [_thread_blocked, id=7688, stack(0x000000f0a2900000,0x000000f0a2a00000) (1024K)]
  0x000002df27ea7d30 JavaThread "Execution worker Thread 14"        [_thread_blocked, id=5180, stack(0x000000f0a2a00000,0x000000f0a2b00000) (1024K)]
  0x000002df27ea7560 JavaThread "Execution worker Thread 15"        [_thread_blocked, id=4872, stack(0x000000f0a2b00000,0x000000f0a2c00000) (1024K)]
  0x000002df27eadaf0 JavaThread "Cache worker for execution history cache (C:\Users\jerin\AndroidStudioProjects\MobilityLensAssignment1\.gradle\9.6.0\executionHistory)"        [_thread_blocked, id=2088, stack(0x000000f0a2c00000,0x000000f0a2d00000) (1024K)]
  0x000002df27eb11a0 JavaThread "WorkerExecutor Queue"              [_thread_blocked, id=12900, stack(0x000000f0a2e00000,0x000000f0a2f00000) (1024K)]
  0x000002df27eb2140 JavaThread "WorkerExecutor Queue Thread 2"        [_thread_blocked, id=20632, stack(0x000000f0a2f00000,0x000000f0a3000000) (1024K)]
  0x000002df2c3e42d0 JavaThread "WorkerExecutor Queue Thread 3"        [_thread_blocked, id=10900, stack(0x000000f0a3100000,0x000000f0a3200000) (1024K)]
  0x000002df2c3e3b00 JavaThread "WorkerExecutor Queue Thread 4"        [_thread_blocked, id=25640, stack(0x000000f0a3200000,0x000000f0a3300000) (1024K)]
  0x000002df2c3e4aa0 JavaThread "WorkerExecutor Queue Thread 5"        [_thread_blocked, id=4472, stack(0x000000f0a1b00000,0x000000f0a1c00000) (1024K)]
  0x000002df2c3eb800 JavaThread "WorkerExecutor Queue Thread 6"        [_thread_blocked, id=7736, stack(0x000000f0a2d00000,0x000000f0a2e00000) (1024K)]
  0x000002df2c3e8920 JavaThread "WorkerExecutor Queue Thread 7"        [_thread_blocked, id=12996, stack(0x000000f0a3300000,0x000000f0a3400000) (1024K)]
  0x000002df2c3ebfd0 JavaThread "WorkerExecutor Queue Thread 8"        [_thread_blocked, id=24460, stack(0x000000f0a3400000,0x000000f0a3500000) (1024K)]
  0x000002df2c3e90f0 JavaThread "WorkerExecutor Queue Thread 9"        [_thread_blocked, id=16788, stack(0x000000f0a3500000,0x000000f0a3600000) (1024K)]
  0x000002df2c3e98c0 JavaThread "WorkerExecutor Queue Thread 10"        [_thread_blocked, id=12560, stack(0x000000f0a3600000,0x000000f0a3700000) (1024K)]
  0x000002df2c3edf10 JavaThread "WorkerExecutor Queue Thread 11"        [_thread_blocked, id=12880, stack(0x000000f0a3700000,0x000000f0a3800000) (1024K)]
  0x000002df2c3eeeb0 JavaThread "WorkerExecutor Queue Thread 12"        [_thread_blocked, id=24012, stack(0x000000f0a3800000,0x000000f0a3900000) (1024K)]
  0x000002df2c3efe50 JavaThread "WorkerExecutor Queue Thread 13"        [_thread_blocked, id=19764, stack(0x000000f0a3900000,0x000000f0a3a00000) (1024K)]
  0x000002df2c266350 JavaThread "C2 CompilerThread3"         daemon [_thread_blocked, id=7188, stack(0x000000f0a3a00000,0x000000f0a3b00000) (1024K)]
  0x000002df2c3f2560 JavaThread "WorkerExecutor Queue Thread 14"        [_thread_blocked, id=15840, stack(0x000000f0a3b00000,0x000000f0a3c00000) (1024K)]
  0x000002df313b17f0 JavaThread "WorkerExecutor Queue Thread 15"        [_thread_blocked, id=13316, stack(0x000000f0a3d00000,0x000000f0a3e00000) (1024K)]
  0x000002df313b0080 JavaThread "WorkerExecutor Queue Thread 16"        [_thread_blocked, id=8156, stack(0x000000f0a3e00000,0x000000f0a3f00000) (1024K)]
  0x000002df2bd71080 JavaThread "C2 CompilerThread4"         daemon [_thread_blocked, id=12616, stack(0x000000f0a3c00000,0x000000f0a3d00000) (1024K)]
  0x000002df2b9d5ea0 JavaThread "C2 CompilerThread5"         daemon [_thread_blocked, id=26056, stack(0x000000f0a3f00000,0x000000f0a4000000) (1024K)]
  0x000002df2bd77140 JavaThread "C2 CompilerThread6"         daemon [_thread_blocked, id=26140, stack(0x000000f0a4000000,0x000000f0a4100000) (1024K)]
  0x000002df2b8961a0 JavaThread "C2 CompilerThread7"         daemon [_thread_blocked, id=13640, stack(0x000000f0a4100000,0x000000f0a4200000) (1024K)]
Total: 106

Other Threads:
=>0x000002df1f8f2890 VMThread "VM Thread"                           [id=8900, stack(0x000000f09c900000,0x000000f09ca00000) (1024K)]
  0x000002df1f8b2b60 WatcherThread "VM Periodic Task Thread"        [id=14400, stack(0x000000f09c800000,0x000000f09c900000) (1024K)]
  0x000002df076a1530 WorkerThread "GC Thread#0"                     [id=21732, stack(0x000000f09c300000,0x000000f09c400000) (1024K)]
  0x000002df25689810 WorkerThread "GC Thread#1"                     [id=18560, stack(0x000000f09db00000,0x000000f09dc00000) (1024K)]
  0x000002df2568c050 WorkerThread "GC Thread#2"                     [id=3436, stack(0x000000f09dc00000,0x000000f09dd00000) (1024K)]
  0x000002df2568c480 WorkerThread "GC Thread#3"                     [id=21760, stack(0x000000f09dd00000,0x000000f09de00000) (1024K)]
  0x000002df256adf90 WorkerThread "GC Thread#4"                     [id=24440, stack(0x000000f09de00000,0x000000f09df00000) (1024K)]
  0x000002df2439d890 WorkerThread "GC Thread#5"                     [id=6656, stack(0x000000f09df00000,0x000000f09e000000) (1024K)]
  0x000002df25810330 WorkerThread "GC Thread#6"                     [id=10408, stack(0x000000f09e500000,0x000000f09e600000) (1024K)]
  0x000002df2580c6d0 WorkerThread "GC Thread#7"                     [id=11964, stack(0x000000f09e600000,0x000000f09e700000) (1024K)]
  0x000002df2580cb20 WorkerThread "GC Thread#8"                     [id=21780, stack(0x000000f09e700000,0x000000f09e800000) (1024K)]
  0x000002df25810780 WorkerThread "GC Thread#9"                     [id=11512, stack(0x000000f09e800000,0x000000f09e900000) (1024K)]
  0x000002df25810bd0 WorkerThread "GC Thread#10"                    [id=488, stack(0x000000f09e900000,0x000000f09ea00000) (1024K)]
  0x000002df25811020 WorkerThread "GC Thread#11"                    [id=1300, stack(0x000000f09ea00000,0x000000f09eb00000) (1024K)]
  0x000002df25811470 WorkerThread "GC Thread#12"                    [id=8552, stack(0x000000f09eb00000,0x000000f09ec00000) (1024K)]
  0x000002df076ba600 ConcurrentGCThread "G1 Main Marker"            [id=9144, stack(0x000000f09c400000,0x000000f09c500000) (1024K)]
  0x000002df076bc080 WorkerThread "G1 Conc#0"                       [id=15156, stack(0x000000f09c500000,0x000000f09c600000) (1024K)]
  0x000002df258125b0 WorkerThread "G1 Conc#1"                       [id=15960, stack(0x000000f09ec00000,0x000000f09ed00000) (1024K)]
  0x000002df258118c0 WorkerThread "G1 Conc#2"                       [id=1348, stack(0x000000f09ed00000,0x000000f09ee00000) (1024K)]
  0x000002df1f782d30 ConcurrentGCThread "G1 Refine#0"               [id=12756, stack(0x000000f09c600000,0x000000f09c700000) (1024K)]
  0x000002df1f7835f0 ConcurrentGCThread "G1 Service"                [id=23148, stack(0x000000f09c700000,0x000000f09c800000) (1024K)]
Total: 21

Threads with active compile tasks:
C2 CompilerThread1  23214 20987       4       com.android.tools.r8.graph.a8::a (166 bytes)
C2 CompilerThread2  23214 20978 %     4       com.android.tools.r8.internal.tu::a @ 2914 (6696 bytes)
C2 CompilerThread3  23214 21006 %     4       com.android.tools.r8.internal.tu::a @ 2644 (4509 bytes)
C2 CompilerThread4  23214 21047       4       com.google.common.util.concurrent.AbstractListeningExecutorService::submit (6 bytes)
C2 CompilerThread6  23214 21077       4       com.android.tools.r8.internal.nm::h (2 bytes)
C2 CompilerThread7  23214 20788   !   4       jdk.internal.loader.Resource::getBytes (170 bytes)
Total: 6

VM state: at safepoint (normal execution)

VM Mutex/Monitor currently owned by a thread:  ([mutex/lock_event])
[0x00007ffdd2b37928] Threads_lock - owner thread: 0x000002df1f8f2890
[0x00007ffdd2b37aa8] Heap_lock - owner thread: 0x000002df288ff3d0

Heap address: 0x0000000080000000, size: 2048 MB, Compressed Oops mode: 32-bit

CDS archive(s) not mapped
Compressed class space mapped at: 0x0000000006000000-0x0000000046000000, reserved size: 1073741824
UseCompressedClassPointers 1, UseCompactObjectHeaders 0
Narrow klass pointer bits 32, Max shift 3
Narrow klass base: 0x0000000000000000, Narrow klass shift: 0
Encoding Range: [0x0000000000000000 - 0x0000000100000000), (4294967296 bytes)
Klass Range:    [0x0000000006000000 - 0x0000000046000000), (1073741824 bytes)
Klass ID Range:  [100663296 - 1174405113) (1073741817)
No protection zone.

GC Precious Log:
 CardTable entry size: 512
 Card Set container configuration: InlinePtr #cards 5 size 8 Array Of Cards #cards 10 size 36 Howl #buckets 4 coarsen threshold 1843 Howl Bitmap #cards 512 size 80 coarsen threshold 460 Card regions per heap region 1 cards per card region 2048
 CPUs: 16 total, 16 available
 Memory: 16253M
 Large Page Support: Disabled
 NUMA Support: Disabled
 Compressed Oops: Enabled (32-bit)
 Heap Region Size: 1M
 Heap Min Capacity: 8M
 Heap Initial Capacity: 254M
 Heap Max Capacity: 2G
 Pre-touch: Disabled
 Parallel Workers: 13
 Concurrent Workers: 3
 Concurrent Refinement Workers: 13
 Periodic GC: Disabled

Heap:
 garbage-first heap   total reserved 2097152K, committed 342016K, used 257773K [0x0000000080000000, 0x0000000100000000)
  region size 1024K, 10 young (10240K), 10 survivors (10240K)

Heap Regions: E=young(eden), S=young(survivor), O=old, HS=humongous(starts), HC=humongous(continues), CS=collection set, F=free, TAMS=top-at-mark-start, PB=parsable bottom
|   0|0x0000000080000000, 0x0000000080100000, 0x0000000080100000|100%|HS|  |TAMS 0x0000000080100000| PB 0x0000000080000000| Complete |  0
|   1|0x0000000080100000, 0x0000000080200000, 0x0000000080200000|100%|HC|  |TAMS 0x0000000080200000| PB 0x0000000080100000| Complete |  0
|   2|0x0000000080200000, 0x0000000080300000, 0x0000000080300000|100%|HC|  |TAMS 0x0000000080300000| PB 0x0000000080200000| Complete |  0
|   3|0x0000000080300000, 0x0000000080400000, 0x0000000080400000|100%|HC|  |TAMS 0x0000000080400000| PB 0x0000000080300000| Complete |  0
|   4|0x0000000080400000, 0x0000000080500000, 0x0000000080500000|100%| O|  |TAMS 0x0000000080500000| PB 0x0000000080400000| Untracked |  0
|   5|0x0000000080500000, 0x0000000080600000, 0x0000000080600000|100%| O|  |TAMS 0x0000000080600000| PB 0x0000000080500000| Untracked |  0
|   6|0x0000000080600000, 0x0000000080700000, 0x0000000080700000|100%| O|  |TAMS 0x0000000080700000| PB 0x0000000080600000| Untracked |  0
|   7|0x0000000080700000, 0x0000000080800000, 0x0000000080800000|100%|HS|  |TAMS 0x0000000080800000| PB 0x0000000080700000| Complete |  0
|   8|0x0000000080800000, 0x0000000080900000, 0x0000000080900000|100%| O|  |TAMS 0x0000000080900000| PB 0x0000000080800000| Untracked |  0
|   9|0x0000000080900000, 0x0000000080a00000, 0x0000000080a00000|100%| O|  |TAMS 0x0000000080a00000| PB 0x0000000080900000| Untracked |  0
|  10|0x0000000080a00000, 0x0000000080b00000, 0x0000000080b00000|100%| O|  |TAMS 0x0000000080b00000| PB 0x0000000080a00000| Untracked |  0
|  11|0x0000000080b00000, 0x0000000080c00000, 0x0000000080c00000|100%| O|  |TAMS 0x0000000080c00000| PB 0x0000000080b00000| Untracked |  0
|  12|0x0000000080c00000, 0x0000000080d00000, 0x0000000080d00000|100%| O|  |TAMS 0x0000000080d00000| PB 0x0000000080c00000| Untracked |  0
|  13|0x0000000080d00000, 0x0000000080e00000, 0x0000000080e00000|100%| O|  |TAMS 0x0000000080e00000| PB 0x0000000080d00000| Untracked |  0
|  14|0x0000000080e00000, 0x0000000080f00000, 0x0000000080f00000|100%| O|  |TAMS 0x0000000080f00000| PB 0x0000000080e00000| Untracked |  0
|  15|0x0000000080f00000, 0x0000000081000000, 0x0000000081000000|100%| O|  |TAMS 0x0000000081000000| PB 0x0000000080f00000| Untracked |  0
|  16|0x0000000081000000, 0x0000000081100000, 0x0000000081100000|100%| O|  |TAMS 0x0000000081100000| PB 0x0000000081000000| Untracked |  0
|  17|0x0000000081100000, 0x0000000081200000, 0x0000000081200000|100%|HS|  |TAMS 0x0000000081200000| PB 0x0000000081100000| Complete |  0
|  18|0x0000000081200000, 0x0000000081300000, 0x0000000081300000|100%|HC|  |TAMS 0x0000000081300000| PB 0x0000000081200000| Complete |  0
|  19|0x0000000081300000, 0x0000000081400000, 0x0000000081400000|100%|HC|  |TAMS 0x0000000081400000| PB 0x0000000081300000| Complete |  0
|  20|0x0000000081400000, 0x0000000081500000, 0x0000000081500000|100%|HC|  |TAMS 0x0000000081500000| PB 0x0000000081400000| Complete |  0
|  21|0x0000000081500000, 0x0000000081600000, 0x0000000081600000|100%|HC|  |TAMS 0x0000000081600000| PB 0x0000000081500000| Complete |  0
|  22|0x0000000081600000, 0x0000000081700000, 0x0000000081700000|100%|HC|  |TAMS 0x0000000081700000| PB 0x0000000081600000| Complete |  0
|  23|0x0000000081700000, 0x0000000081800000, 0x0000000081800000|100%|HS|  |TAMS 0x0000000081800000| PB 0x0000000081700000| Complete |  0
|  24|0x0000000081800000, 0x0000000081900000, 0x0000000081900000|100%| O|  |TAMS 0x0000000081900000| PB 0x0000000081800000| Untracked |  0
|  25|0x0000000081900000, 0x0000000081a00000, 0x0000000081a00000|100%| O|  |TAMS 0x0000000081a00000| PB 0x0000000081900000| Untracked |  0
|  26|0x0000000081a00000, 0x0000000081b00000, 0x0000000081b00000|100%| O|  |TAMS 0x0000000081b00000| PB 0x0000000081a00000| Untracked |  0
|  27|0x0000000081b00000, 0x0000000081c00000, 0x0000000081c00000|100%| O|  |TAMS 0x0000000081c00000| PB 0x0000000081b00000| Untracked |  0
|  28|0x0000000081c00000, 0x0000000081d00000, 0x0000000081d00000|100%| O|  |TAMS 0x0000000081d00000| PB 0x0000000081c00000| Untracked |  0
|  29|0x0000000081d00000, 0x0000000081e00000, 0x0000000081e00000|100%| O|  |TAMS 0x0000000081e00000| PB 0x0000000081d00000| Untracked |  0
|  30|0x0000000081e00000, 0x0000000081f00000, 0x0000000081f00000|100%| O|  |TAMS 0x0000000081f00000| PB 0x0000000081e00000| Untracked |  0
|  31|0x0000000081f00000, 0x0000000082000000, 0x0000000082000000|100%| O|  |TAMS 0x0000000082000000| PB 0x0000000081f00000| Untracked |  0
|  32|0x0000000082000000, 0x0000000082100000, 0x0000000082100000|100%| O|  |TAMS 0x0000000082100000| PB 0x0000000082000000| Untracked |  0
|  33|0x0000000082100000, 0x0000000082200000, 0x0000000082200000|100%| O|  |TAMS 0x0000000082200000| PB 0x0000000082100000| Untracked |  0
|  34|0x0000000082200000, 0x0000000082300000, 0x0000000082300000|100%| O|  |TAMS 0x0000000082300000| PB 0x0000000082200000| Untracked |  0
|  35|0x0000000082300000, 0x0000000082400000, 0x0000000082400000|100%| O|  |TAMS 0x0000000082400000| PB 0x0000000082300000| Untracked |  0
|  36|0x0000000082400000, 0x0000000082500000, 0x0000000082500000|100%| O|  |TAMS 0x0000000082500000| PB 0x0000000082400000| Untracked |  0
|  37|0x0000000082500000, 0x0000000082600000, 0x0000000082600000|100%| O|  |TAMS 0x0000000082600000| PB 0x0000000082500000| Untracked |  0
|  38|0x0000000082600000, 0x0000000082700000, 0x0000000082700000|100%| O|  |TAMS 0x0000000082700000| PB 0x0000000082600000| Untracked |  0
|  39|0x0000000082700000, 0x0000000082800000, 0x0000000082800000|100%| O|  |TAMS 0x0000000082800000| PB 0x0000000082700000| Untracked |  0
|  40|0x0000000082800000, 0x0000000082900000, 0x0000000082900000|100%| O|  |TAMS 0x0000000082900000| PB 0x0000000082800000| Untracked |  0
|  41|0x0000000082900000, 0x0000000082a00000, 0x0000000082a00000|100%| O|  |TAMS 0x0000000082a00000| PB 0x0000000082900000| Untracked |  0
|  42|0x0000000082a00000, 0x0000000082b00000, 0x0000000082b00000|100%| O|  |TAMS 0x0000000082b00000| PB 0x0000000082a00000| Untracked |  0
|  43|0x0000000082b00000, 0x0000000082c00000, 0x0000000082c00000|100%| O|  |TAMS 0x0000000082c00000| PB 0x0000000082b00000| Untracked |  0
|  44|0x0000000082c00000, 0x0000000082d00000, 0x0000000082d00000|100%| O|  |TAMS 0x0000000082d00000| PB 0x0000000082c00000| Untracked |  0
|  45|0x0000000082d00000, 0x0000000082e00000, 0x0000000082e00000|100%| O|  |TAMS 0x0000000082e00000| PB 0x0000000082d00000| Untracked |  0
|  46|0x0000000082e00000, 0x0000000082f00000, 0x0000000082f00000|100%| O|  |TAMS 0x0000000082f00000| PB 0x0000000082e00000| Untracked |  0
|  47|0x0000000082f00000, 0x0000000083000000, 0x0000000083000000|100%| O|  |TAMS 0x0000000083000000| PB 0x0000000082f00000| Untracked |  0
|  48|0x0000000083000000, 0x0000000083100000, 0x0000000083100000|100%| O|  |TAMS 0x0000000083100000| PB 0x0000000083000000| Untracked |  0
|  49|0x0000000083100000, 0x0000000083200000, 0x0000000083200000|100%|HS|  |TAMS 0x0000000083200000| PB 0x0000000083100000| Complete |  0
|  50|0x0000000083200000, 0x0000000083300000, 0x0000000083300000|100%|HS|  |TAMS 0x0000000083300000| PB 0x0000000083200000| Complete |  0
|  51|0x0000000083300000, 0x0000000083400000, 0x0000000083400000|100%|HS|  |TAMS 0x0000000083400000| PB 0x0000000083300000| Complete |  0
|  52|0x0000000083400000, 0x0000000083500000, 0x0000000083500000|100%|HC|  |TAMS 0x0000000083500000| PB 0x0000000083400000| Complete |  0
|  53|0x0000000083500000, 0x0000000083600000, 0x0000000083600000|100%|HS|  |TAMS 0x0000000083600000| PB 0x0000000083500000| Complete |  0
|  54|0x0000000083600000, 0x0000000083700000, 0x0000000083700000|100%|HS|  |TAMS 0x0000000083700000| PB 0x0000000083600000| Complete |  0
|  55|0x0000000083700000, 0x0000000083800000, 0x0000000083800000|100%|HS|  |TAMS 0x0000000083800000| PB 0x0000000083700000| Complete |  0
|  56|0x0000000083800000, 0x0000000083900000, 0x0000000083900000|100%| O|  |TAMS 0x0000000083900000| PB 0x0000000083800000| Untracked |  0
|  57|0x0000000083900000, 0x0000000083a00000, 0x0000000083a00000|100%|HS|  |TAMS 0x0000000083a00000| PB 0x0000000083900000| Complete |  0
|  58|0x0000000083a00000, 0x0000000083b00000, 0x0000000083b00000|100%|HS|  |TAMS 0x0000000083b00000| PB 0x0000000083a00000| Complete |  0
|  59|0x0000000083b00000, 0x0000000083c00000, 0x0000000083c00000|100%|HS|  |TAMS 0x0000000083c00000| PB 0x0000000083b00000| Complete |  0
|  60|0x0000000083c00000, 0x0000000083d00000, 0x0000000083d00000|100%| O|  |TAMS 0x0000000083d00000| PB 0x0000000083c00000| Untracked |  0
|  61|0x0000000083d00000, 0x0000000083e00000, 0x0000000083e00000|100%|HS|  |TAMS 0x0000000083e00000| PB 0x0000000083d00000| Complete |  0
|  62|0x0000000083e00000, 0x0000000083f00000, 0x0000000083f00000|100%|HC|  |TAMS 0x0000000083f00000| PB 0x0000000083e00000| Complete |  0
|  63|0x0000000083f00000, 0x0000000084000000, 0x0000000084000000|100%| O|  |TAMS 0x0000000084000000| PB 0x0000000083f00000| Untracked |  0
|  64|0x0000000084000000, 0x0000000084100000, 0x0000000084100000|100%| O|  |TAMS 0x0000000084100000| PB 0x0000000084000000| Untracked |  0
|  65|0x0000000084100000, 0x0000000084200000, 0x0000000084200000|100%| O|  |TAMS 0x0000000084200000| PB 0x0000000084100000| Untracked |  0
|  66|0x0000000084200000, 0x0000000084300000, 0x0000000084300000|100%| O|  |TAMS 0x0000000084300000| PB 0x0000000084200000| Untracked |  0
|  67|0x0000000084300000, 0x0000000084400000, 0x0000000084400000|100%| O|  |TAMS 0x0000000084400000| PB 0x0000000084300000| Untracked |  0
|  68|0x0000000084400000, 0x0000000084500000, 0x0000000084500000|100%| O|  |TAMS 0x0000000084500000| PB 0x0000000084400000| Untracked |  0
|  69|0x0000000084500000, 0x0000000084600000, 0x0000000084600000|100%| O|  |TAMS 0x0000000084600000| PB 0x0000000084500000| Untracked |  0
|  70|0x0000000084600000, 0x0000000084700000, 0x0000000084700000|100%| O|  |TAMS 0x0000000084700000| PB 0x0000000084600000| Untracked |  0
|  71|0x0000000084700000, 0x0000000084800000, 0x0000000084800000|100%| O|  |TAMS 0x0000000084800000| PB 0x0000000084700000| Untracked |  0
|  72|0x0000000084800000, 0x0000000084900000, 0x0000000084900000|100%|HS|  |TAMS 0x0000000084900000| PB 0x0000000084800000| Complete |  0
|  73|0x0000000084900000, 0x0000000084a00000, 0x0000000084a00000|100%| O|  |TAMS 0x0000000084a00000| PB 0x0000000084900000| Untracked |  0
|  74|0x0000000084a00000, 0x0000000084b00000, 0x0000000084b00000|100%| O|  |TAMS 0x0000000084b00000| PB 0x0000000084a00000| Untracked |  0
|  75|0x0000000084b00000, 0x0000000084c00000, 0x0000000084c00000|100%| O|  |TAMS 0x0000000084c00000| PB 0x0000000084b00000| Untracked |  0
|  76|0x0000000084c00000, 0x0000000084d00000, 0x0000000084d00000|100%| O|  |TAMS 0x0000000084d00000| PB 0x0000000084c00000| Untracked |  0
|  77|0x0000000084d00000, 0x0000000084e00000, 0x0000000084e00000|100%| O|  |TAMS 0x0000000084e00000| PB 0x0000000084d00000| Untracked |  0
|  78|0x0000000084e00000, 0x0000000084f00000, 0x0000000084f00000|100%| O|  |TAMS 0x0000000084f00000| PB 0x0000000084e00000| Untracked |  0
|  79|0x0000000084f00000, 0x0000000085000000, 0x0000000085000000|100%| O|  |TAMS 0x0000000085000000| PB 0x0000000084f00000| Untracked |  0
|  80|0x0000000085000000, 0x0000000085100000, 0x0000000085100000|100%| O|  |TAMS 0x0000000085100000| PB 0x0000000085000000| Untracked |  0
|  81|0x0000000085100000, 0x0000000085200000, 0x0000000085200000|100%| O|  |TAMS 0x0000000085200000| PB 0x0000000085100000| Untracked |  0
|  82|0x0000000085200000, 0x0000000085300000, 0x0000000085300000|100%| O|  |TAMS 0x0000000085300000| PB 0x0000000085200000| Untracked |  0
|  83|0x0000000085300000, 0x0000000085400000, 0x0000000085400000|100%| O|  |TAMS 0x0000000085400000| PB 0x0000000085300000| Untracked |  0
|  84|0x0000000085400000, 0x0000000085500000, 0x0000000085500000|100%| O|  |TAMS 0x0000000085500000| PB 0x0000000085400000| Untracked |  0
|  85|0x0000000085500000, 0x0000000085600000, 0x0000000085600000|100%| O|  |TAMS 0x0000000085600000| PB 0x0000000085500000| Untracked |  0
|  86|0x0000000085600000, 0x0000000085700000, 0x0000000085700000|100%| O|  |TAMS 0x0000000085700000| PB 0x0000000085600000| Untracked |  0
|  87|0x0000000085700000, 0x0000000085800000, 0x0000000085800000|100%| O|  |TAMS 0x0000000085800000| PB 0x0000000085700000| Untracked |  0
|  88|0x0000000085800000, 0x0000000085900000, 0x0000000085900000|100%| O|  |TAMS 0x0000000085900000| PB 0x0000000085800000| Untracked |  0
|  89|0x0000000085900000, 0x0000000085a00000, 0x0000000085a00000|100%| O|  |TAMS 0x0000000085a00000| PB 0x0000000085900000| Untracked |  0
|  90|0x0000000085a00000, 0x0000000085b00000, 0x0000000085b00000|100%| O|  |TAMS 0x0000000085b00000| PB 0x0000000085a00000| Untracked |  0
|  91|0x0000000085b00000, 0x0000000085c00000, 0x0000000085c00000|100%| O|  |TAMS 0x0000000085c00000| PB 0x0000000085b00000| Untracked |  0
|  92|0x0000000085c00000, 0x0000000085d00000, 0x0000000085d00000|100%| O|  |TAMS 0x0000000085d00000| PB 0x0000000085c00000| Untracked |  0
|  93|0x0000000085d00000, 0x0000000085e00000, 0x0000000085e00000|100%| O|  |TAMS 0x0000000085e00000| PB 0x0000000085d00000| Untracked |  0
|  94|0x0000000085e00000, 0x0000000085f00000, 0x0000000085f00000|100%| O|  |TAMS 0x0000000085f00000| PB 0x0000000085e00000| Untracked |  0
|  95|0x0000000085f00000, 0x0000000086000000, 0x0000000086000000|100%| O|  |TAMS 0x0000000086000000| PB 0x0000000085f00000| Untracked |  0
|  96|0x0000000086000000, 0x0000000086100000, 0x0000000086100000|100%| O|  |TAMS 0x0000000086100000| PB 0x0000000086000000| Untracked |  0
|  97|0x0000000086100000, 0x0000000086200000, 0x0000000086200000|100%| O|  |TAMS 0x0000000086200000| PB 0x0000000086100000| Untracked |  0
|  98|0x0000000086200000, 0x0000000086300000, 0x0000000086300000|100%| O|  |TAMS 0x0000000086300000| PB 0x0000000086200000| Untracked |  0
|  99|0x0000000086300000, 0x0000000086400000, 0x0000000086400000|100%| O|  |TAMS 0x0000000086400000| PB 0x0000000086300000| Untracked |  0
| 100|0x0000000086400000, 0x0000000086500000, 0x0000000086500000|100%| O|  |TAMS 0x0000000086500000| PB 0x0000000086400000| Untracked |  0
| 101|0x0000000086500000, 0x0000000086600000, 0x0000000086600000|100%| O|  |TAMS 0x0000000086600000| PB 0x0000000086500000| Untracked |  0
| 102|0x0000000086600000, 0x0000000086700000, 0x0000000086700000|100%| O|  |TAMS 0x0000000086700000| PB 0x0000000086600000| Untracked |  0
| 103|0x0000000086700000, 0x0000000086800000, 0x0000000086800000|100%| O|  |TAMS 0x0000000086800000| PB 0x0000000086700000| Untracked |  0
| 104|0x0000000086800000, 0x0000000086900000, 0x0000000086900000|100%| O|  |TAMS 0x0000000086900000| PB 0x0000000086800000| Untracked |  0
| 105|0x0000000086900000, 0x0000000086a00000, 0x0000000086a00000|100%| O|  |TAMS 0x0000000086a00000| PB 0x0000000086900000| Untracked |  0
| 106|0x0000000086a00000, 0x0000000086b00000, 0x0000000086b00000|100%| O|  |TAMS 0x0000000086b00000| PB 0x0000000086a00000| Untracked |  0
| 107|0x0000000086b00000, 0x0000000086c00000, 0x0000000086c00000|100%| O|  |TAMS 0x0000000086c00000| PB 0x0000000086b00000| Untracked |  0
| 108|0x0000000086c00000, 0x0000000086d00000, 0x0000000086d00000|100%| O|  |TAMS 0x0000000086d00000| PB 0x0000000086c00000| Untracked |  0
| 109|0x0000000086d00000, 0x0000000086e00000, 0x0000000086e00000|100%| O|  |TAMS 0x0000000086e00000| PB 0x0000000086d00000| Untracked |  0
| 110|0x0000000086e00000, 0x0000000086f00000, 0x0000000086f00000|100%| O|  |TAMS 0x0000000086f00000| PB 0x0000000086e00000| Untracked |  0
| 111|0x0000000086f00000, 0x0000000087000000, 0x0000000087000000|100%| O|  |TAMS 0x0000000087000000| PB 0x0000000086f00000| Untracked |  0
| 112|0x0000000087000000, 0x0000000087100000, 0x0000000087100000|100%| O|  |TAMS 0x0000000087100000| PB 0x0000000087000000| Untracked |  0
| 113|0x0000000087100000, 0x0000000087200000, 0x0000000087200000|100%| O|  |TAMS 0x0000000087200000| PB 0x0000000087100000| Untracked |  0
| 114|0x0000000087200000, 0x0000000087300000, 0x0000000087300000|100%| O|  |TAMS 0x0000000087300000| PB 0x0000000087200000| Untracked |  0
| 115|0x0000000087300000, 0x0000000087400000, 0x0000000087400000|100%| O|  |TAMS 0x0000000087400000| PB 0x0000000087300000| Untracked |  0
| 116|0x0000000087400000, 0x0000000087500000, 0x0000000087500000|100%| O|  |TAMS 0x0000000087500000| PB 0x0000000087400000| Untracked |  0
| 117|0x0000000087500000, 0x0000000087600000, 0x0000000087600000|100%| O|  |TAMS 0x0000000087600000| PB 0x0000000087500000| Untracked |  0
| 118|0x0000000087600000, 0x0000000087700000, 0x0000000087700000|100%| O|  |TAMS 0x0000000087700000| PB 0x0000000087600000| Untracked |  0
| 119|0x0000000087700000, 0x0000000087800000, 0x0000000087800000|100%| O|  |TAMS 0x0000000087800000| PB 0x0000000087700000| Untracked |  0
| 120|0x0000000087800000, 0x0000000087900000, 0x0000000087900000|100%| O|  |TAMS 0x0000000087900000| PB 0x0000000087800000| Untracked |  0
| 121|0x0000000087900000, 0x0000000087a00000, 0x0000000087a00000|100%| O|  |TAMS 0x0000000087a00000| PB 0x0000000087900000| Untracked |  0
| 122|0x0000000087a00000, 0x0000000087b00000, 0x0000000087b00000|100%| O|  |TAMS 0x0000000087b00000| PB 0x0000000087a00000| Untracked |  0
| 123|0x0000000087b00000, 0x0000000087c00000, 0x0000000087c00000|100%| O|  |TAMS 0x0000000087c00000| PB 0x0000000087b00000| Untracked |  0
| 124|0x0000000087c00000, 0x0000000087d00000, 0x0000000087d00000|100%| O|  |TAMS 0x0000000087d00000| PB 0x0000000087c00000| Untracked |  0
| 125|0x0000000087d00000, 0x0000000087e00000, 0x0000000087e00000|100%| O|  |TAMS 0x0000000087e00000| PB 0x0000000087d00000| Untracked |  0
| 126|0x0000000087e00000, 0x0000000087f00000, 0x0000000087f00000|100%| O|  |TAMS 0x0000000087f00000| PB 0x0000000087e00000| Untracked |  0
| 127|0x0000000087f00000, 0x0000000088000000, 0x0000000088000000|100%| O|  |TAMS 0x0000000087f00000| PB 0x0000000087f00000| Untracked |  0
| 128|0x0000000088000000, 0x0000000088100000, 0x0000000088100000|100%| O|  |TAMS 0x0000000088100000| PB 0x0000000088000000| Untracked |  0
| 129|0x0000000088100000, 0x0000000088200000, 0x0000000088200000|100%| O|  |TAMS 0x0000000088200000| PB 0x0000000088100000| Untracked |  0
| 130|0x0000000088200000, 0x0000000088300000, 0x0000000088300000|100%| O|  |TAMS 0x0000000088300000| PB 0x0000000088200000| Untracked |  0
| 131|0x0000000088300000, 0x0000000088400000, 0x0000000088400000|100%| O|  |TAMS 0x0000000088400000| PB 0x0000000088300000| Untracked |  0
| 132|0x0000000088400000, 0x0000000088500000, 0x0000000088500000|100%| O|  |TAMS 0x0000000088500000| PB 0x0000000088400000| Untracked |  0
| 133|0x0000000088500000, 0x0000000088600000, 0x0000000088600000|100%| O|  |TAMS 0x0000000088600000| PB 0x0000000088500000| Untracked |  0
| 134|0x0000000088600000, 0x0000000088700000, 0x0000000088700000|100%| O|  |TAMS 0x0000000088700000| PB 0x0000000088600000| Untracked |  0
| 135|0x0000000088700000, 0x0000000088800000, 0x0000000088800000|100%| O|  |TAMS 0x0000000088700000| PB 0x0000000088700000| Untracked |  0
| 136|0x0000000088800000, 0x0000000088900000, 0x0000000088900000|100%| O|  |TAMS 0x0000000088900000| PB 0x0000000088800000| Untracked |  0
| 137|0x0000000088900000, 0x0000000088a00000, 0x0000000088a00000|100%| O|  |TAMS 0x0000000088a00000| PB 0x0000000088900000| Untracked |  0
| 138|0x0000000088a00000, 0x0000000088b00000, 0x0000000088b00000|100%| O|  |TAMS 0x0000000088b00000| PB 0x0000000088a00000| Untracked |  0
| 139|0x0000000088b00000, 0x0000000088c00000, 0x0000000088c00000|100%| O|  |TAMS 0x0000000088c00000| PB 0x0000000088b00000| Untracked |  0
| 140|0x0000000088c00000, 0x0000000088d00000, 0x0000000088d00000|100%| O|  |TAMS 0x0000000088d00000| PB 0x0000000088c00000| Untracked |  0
| 141|0x0000000088d00000, 0x0000000088e00000, 0x0000000088e00000|100%| O|  |TAMS 0x0000000088e00000| PB 0x0000000088d00000| Untracked |  0
| 142|0x0000000088e00000, 0x0000000088f00000, 0x0000000088f00000|100%| O|  |TAMS 0x0000000088f00000| PB 0x0000000088e00000| Untracked |  0
| 143|0x0000000088f00000, 0x0000000089000000, 0x0000000089000000|100%| O|  |TAMS 0x0000000089000000| PB 0x0000000088f00000| Untracked |  0
| 144|0x0000000089000000, 0x0000000089100000, 0x0000000089100000|100%| O|  |TAMS 0x0000000089100000| PB 0x0000000089000000| Untracked |  0
| 145|0x0000000089100000, 0x0000000089200000, 0x0000000089200000|100%| O|  |TAMS 0x0000000089200000| PB 0x0000000089100000| Untracked |  0
| 146|0x0000000089200000, 0x0000000089300000, 0x0000000089300000|100%| O|  |TAMS 0x0000000089300000| PB 0x0000000089200000| Untracked |  0
| 147|0x0000000089300000, 0x0000000089400000, 0x0000000089400000|100%| O|  |TAMS 0x0000000089400000| PB 0x0000000089300000| Untracked |  0
| 148|0x0000000089400000, 0x0000000089500000, 0x0000000089500000|100%| O|  |TAMS 0x0000000089400000| PB 0x0000000089400000| Untracked |  0
| 149|0x0000000089500000, 0x0000000089600000, 0x0000000089600000|100%| O|  |TAMS 0x0000000089600000| PB 0x0000000089500000| Untracked |  0
| 150|0x0000000089600000, 0x0000000089700000, 0x0000000089700000|100%| O|  |TAMS 0x0000000089700000| PB 0x0000000089600000| Untracked |  0
| 151|0x0000000089700000, 0x0000000089800000, 0x0000000089800000|100%| O|  |TAMS 0x0000000089700000| PB 0x0000000089700000| Untracked |  0
| 152|0x0000000089800000, 0x0000000089900000, 0x0000000089900000|100%| O|  |TAMS 0x0000000089800000| PB 0x0000000089800000| Untracked |  0
| 153|0x0000000089900000, 0x0000000089a00000, 0x0000000089a00000|100%| O|  |TAMS 0x0000000089a00000| PB 0x0000000089900000| Untracked |  0
| 154|0x0000000089a00000, 0x0000000089b00000, 0x0000000089b00000|100%| O|  |TAMS 0x0000000089b00000| PB 0x0000000089a00000| Untracked |  0
| 155|0x0000000089b00000, 0x0000000089c00000, 0x0000000089c00000|100%| O|  |TAMS 0x0000000089c00000| PB 0x0000000089b00000| Untracked |  0
| 156|0x0000000089c00000, 0x0000000089d00000, 0x0000000089d00000|100%| O|  |TAMS 0x0000000089d00000| PB 0x0000000089c00000| Untracked |  0
| 157|0x0000000089d00000, 0x0000000089e00000, 0x0000000089e00000|100%| O|  |TAMS 0x0000000089e00000| PB 0x0000000089d00000| Untracked |  0
| 158|0x0000000089e00000, 0x0000000089f00000, 0x0000000089f00000|100%| O|  |TAMS 0x0000000089f00000| PB 0x0000000089e00000| Untracked |  0
| 159|0x0000000089f00000, 0x000000008a000000, 0x000000008a000000|100%| O|  |TAMS 0x000000008a000000| PB 0x0000000089f00000| Untracked |  0
| 160|0x000000008a000000, 0x000000008a100000, 0x000000008a100000|100%| O|  |TAMS 0x000000008a100000| PB 0x000000008a000000| Untracked |  0
| 161|0x000000008a100000, 0x000000008a200000, 0x000000008a200000|100%| O|  |TAMS 0x000000008a200000| PB 0x000000008a100000| Untracked |  0
| 162|0x000000008a200000, 0x000000008a300000, 0x000000008a300000|100%| O|  |TAMS 0x000000008a300000| PB 0x000000008a200000| Untracked |  0
| 163|0x000000008a300000, 0x000000008a400000, 0x000000008a400000|100%| O|  |TAMS 0x000000008a400000| PB 0x000000008a300000| Untracked |  0
| 164|0x000000008a400000, 0x000000008a500000, 0x000000008a500000|100%| O|  |TAMS 0x000000008a500000| PB 0x000000008a400000| Untracked |  0
| 165|0x000000008a500000, 0x000000008a600000, 0x000000008a600000|100%| O|  |TAMS 0x000000008a600000| PB 0x000000008a500000| Untracked |  0
| 166|0x000000008a600000, 0x000000008a700000, 0x000000008a700000|100%| O|  |TAMS 0x000000008a700000| PB 0x000000008a600000| Untracked |  0
| 167|0x000000008a700000, 0x000000008a800000, 0x000000008a800000|100%| O|  |TAMS 0x000000008a800000| PB 0x000000008a700000| Untracked |  0
| 168|0x000000008a800000, 0x000000008a900000, 0x000000008a900000|100%| O|  |TAMS 0x000000008a900000| PB 0x000000008a800000| Untracked |  0
| 169|0x000000008a900000, 0x000000008aa00000, 0x000000008aa00000|100%| O|  |TAMS 0x000000008aa00000| PB 0x000000008a900000| Untracked |  0
| 170|0x000000008aa00000, 0x000000008ab00000, 0x000000008ab00000|100%| O|  |TAMS 0x000000008ab00000| PB 0x000000008aa00000| Untracked |  0
| 171|0x000000008ab00000, 0x000000008ac00000, 0x000000008ac00000|100%| O|  |TAMS 0x000000008ac00000| PB 0x000000008ab00000| Untracked |  0
| 172|0x000000008ac00000, 0x000000008ad00000, 0x000000008ad00000|100%| O|  |TAMS 0x000000008ad00000| PB 0x000000008ac00000| Untracked |  0
| 173|0x000000008ad00000, 0x000000008ae00000, 0x000000008ae00000|100%| O|  |TAMS 0x000000008ae00000| PB 0x000000008ad00000| Untracked |  0
| 174|0x000000008ae00000, 0x000000008af00000, 0x000000008af00000|100%| O|  |TAMS 0x000000008af00000| PB 0x000000008ae00000| Untracked |  0
| 175|0x000000008af00000, 0x000000008b000000, 0x000000008b000000|100%| O|  |TAMS 0x000000008b000000| PB 0x000000008af00000| Untracked |  0
| 176|0x000000008b000000, 0x000000008b100000, 0x000000008b100000|100%| O|  |TAMS 0x000000008b100000| PB 0x000000008b000000| Untracked |  0
| 177|0x000000008b100000, 0x000000008b200000, 0x000000008b200000|100%| O|  |TAMS 0x000000008b200000| PB 0x000000008b100000| Untracked |  0
| 178|0x000000008b200000, 0x000000008b300000, 0x000000008b300000|100%| O|  |TAMS 0x000000008b300000| PB 0x000000008b200000| Untracked |  0
| 179|0x000000008b300000, 0x000000008b400000, 0x000000008b400000|100%| O|  |TAMS 0x000000008b400000| PB 0x000000008b300000| Untracked |  0
| 180|0x000000008b400000, 0x000000008b500000, 0x000000008b500000|100%| O|  |TAMS 0x000000008b500000| PB 0x000000008b400000| Untracked |  0
| 181|0x000000008b500000, 0x000000008b600000, 0x000000008b600000|100%| O|  |TAMS 0x000000008b600000| PB 0x000000008b500000| Untracked |  0
| 182|0x000000008b600000, 0x000000008b700000, 0x000000008b700000|100%| O|  |TAMS 0x000000008b700000| PB 0x000000008b600000| Untracked |  0
| 183|0x000000008b700000, 0x000000008b800000, 0x000000008b800000|100%| O|  |TAMS 0x000000008b800000| PB 0x000000008b700000| Untracked |  0
| 184|0x000000008b800000, 0x000000008b900000, 0x000000008b900000|100%| O|  |TAMS 0x000000008b900000| PB 0x000000008b800000| Untracked |  0
| 185|0x000000008b900000, 0x000000008ba00000, 0x000000008ba00000|100%| O|  |TAMS 0x000000008ba00000| PB 0x000000008b900000| Untracked |  0
| 186|0x000000008ba00000, 0x000000008bb00000, 0x000000008bb00000|100%| O|  |TAMS 0x000000008bb00000| PB 0x000000008ba00000| Untracked |  0
| 187|0x000000008bb00000, 0x000000008bc00000, 0x000000008bc00000|100%| O|  |TAMS 0x000000008bc00000| PB 0x000000008bb00000| Untracked |  0
| 188|0x000000008bc00000, 0x000000008bd00000, 0x000000008bd00000|100%| O|  |TAMS 0x000000008bd00000| PB 0x000000008bc00000| Untracked |  0
| 189|0x000000008bd00000, 0x000000008be00000, 0x000000008be00000|100%| O|  |TAMS 0x000000008be00000| PB 0x000000008bd00000| Untracked |  0
| 190|0x000000008be00000, 0x000000008bf00000, 0x000000008bf00000|100%| O|  |TAMS 0x000000008bf00000| PB 0x000000008be00000| Untracked |  0
| 191|0x000000008bf00000, 0x000000008c000000, 0x000000008c000000|100%| O|  |TAMS 0x000000008c000000| PB 0x000000008bf00000| Untracked |  0
| 192|0x000000008c000000, 0x000000008c100000, 0x000000008c100000|100%| O|  |TAMS 0x000000008c100000| PB 0x000000008c000000| Untracked |  0
| 193|0x000000008c100000, 0x000000008c200000, 0x000000008c200000|100%| O|  |TAMS 0x000000008c200000| PB 0x000000008c100000| Untracked |  0
| 194|0x000000008c200000, 0x000000008c300000, 0x000000008c300000|100%| O|  |TAMS 0x000000008c300000| PB 0x000000008c200000| Untracked |  0
| 195|0x000000008c300000, 0x000000008c400000, 0x000000008c400000|100%| O|  |TAMS 0x000000008c400000| PB 0x000000008c300000| Untracked |  0
| 196|0x000000008c400000, 0x000000008c500000, 0x000000008c500000|100%| O|  |TAMS 0x000000008c500000| PB 0x000000008c400000| Untracked |  0
| 197|0x000000008c500000, 0x000000008c600000, 0x000000008c600000|100%| O|  |TAMS 0x000000008c600000| PB 0x000000008c500000| Untracked |  0
| 198|0x000000008c600000, 0x000000008c700000, 0x000000008c700000|100%| O|  |TAMS 0x000000008c700000| PB 0x000000008c600000| Untracked |  0
| 199|0x000000008c700000, 0x000000008c800000, 0x000000008c800000|100%| O|  |TAMS 0x000000008c800000| PB 0x000000008c700000| Untracked |  0
| 200|0x000000008c800000, 0x000000008c900000, 0x000000008c900000|100%| O|  |TAMS 0x000000008c900000| PB 0x000000008c800000| Untracked |  0
| 201|0x000000008c900000, 0x000000008ca00000, 0x000000008ca00000|100%| O|  |TAMS 0x000000008ca00000| PB 0x000000008c900000| Untracked |  0
| 202|0x000000008ca00000, 0x000000008cb00000, 0x000000008cb00000|100%| O|  |TAMS 0x000000008cb00000| PB 0x000000008ca00000| Untracked |  0
| 203|0x000000008cb00000, 0x000000008cc00000, 0x000000008cc00000|100%| O|  |TAMS 0x000000008cc00000| PB 0x000000008cb00000| Untracked |  0
| 204|0x000000008cc00000, 0x000000008cd00000, 0x000000008cd00000|100%| O|  |TAMS 0x000000008cd00000| PB 0x000000008cc00000| Untracked |  0
| 205|0x000000008cd00000, 0x000000008ce00000, 0x000000008ce00000|100%| O|  |TAMS 0x000000008ce00000| PB 0x000000008cd00000| Untracked |  0
| 206|0x000000008ce00000, 0x000000008cf00000, 0x000000008cf00000|100%| O|  |TAMS 0x000000008cf00000| PB 0x000000008ce00000| Untracked |  0
| 207|0x000000008cf00000, 0x000000008d000000, 0x000000008d000000|100%| O|  |TAMS 0x000000008d000000| PB 0x000000008cf00000| Untracked |  0
| 208|0x000000008d000000, 0x000000008d100000, 0x000000008d100000|100%| O|  |TAMS 0x000000008d100000| PB 0x000000008d000000| Untracked |  0
| 209|0x000000008d100000, 0x000000008d200000, 0x000000008d200000|100%| O|  |TAMS 0x000000008d200000| PB 0x000000008d100000| Untracked |  0
| 210|0x000000008d200000, 0x000000008d300000, 0x000000008d300000|100%| O|  |TAMS 0x000000008d300000| PB 0x000000008d200000| Untracked |  0
| 211|0x000000008d300000, 0x000000008d400000, 0x000000008d400000|100%| O|  |TAMS 0x000000008d400000| PB 0x000000008d300000| Untracked |  0
| 212|0x000000008d400000, 0x000000008d500000, 0x000000008d500000|100%| O|  |TAMS 0x000000008d500000| PB 0x000000008d400000| Untracked |  0
| 213|0x000000008d500000, 0x000000008d600000, 0x000000008d600000|100%| O|  |TAMS 0x000000008d600000| PB 0x000000008d500000| Untracked |  0
| 214|0x000000008d600000, 0x000000008d700000, 0x000000008d700000|100%| O|  |TAMS 0x000000008d700000| PB 0x000000008d600000| Untracked |  0
| 215|0x000000008d700000, 0x000000008d800000, 0x000000008d800000|100%| O|  |TAMS 0x000000008d800000| PB 0x000000008d700000| Untracked |  0
| 216|0x000000008d800000, 0x000000008d900000, 0x000000008d900000|100%| O|  |TAMS 0x000000008d900000| PB 0x000000008d800000| Untracked |  0
| 217|0x000000008d900000, 0x000000008da00000, 0x000000008da00000|100%| O|  |TAMS 0x000000008da00000| PB 0x000000008d900000| Untracked |  0
| 218|0x000000008da00000, 0x000000008db00000, 0x000000008db00000|100%| O|  |TAMS 0x000000008db00000| PB 0x000000008da00000| Untracked |  0
| 219|0x000000008db00000, 0x000000008dc00000, 0x000000008dc00000|100%| O|  |TAMS 0x000000008dc00000| PB 0x000000008db00000| Untracked |  0
| 220|0x000000008dc00000, 0x000000008dd00000, 0x000000008dd00000|100%| O|  |TAMS 0x000000008dc00000| PB 0x000000008dc00000| Untracked |  0
| 221|0x000000008dd00000, 0x000000008de00000, 0x000000008de00000|100%| O|  |TAMS 0x000000008dd00000| PB 0x000000008dd00000| Untracked |  0
| 222|0x000000008de00000, 0x000000008df00000, 0x000000008df00000|100%| O|  |TAMS 0x000000008de00000| PB 0x000000008de00000| Untracked |  0
| 223|0x000000008df00000, 0x000000008e000000, 0x000000008e000000|100%| O|  |TAMS 0x000000008df00000| PB 0x000000008df00000| Untracked |  0
| 224|0x000000008e000000, 0x000000008e100000, 0x000000008e100000|100%| O|  |TAMS 0x000000008e000000| PB 0x000000008e000000| Untracked |  0
| 225|0x000000008e100000, 0x000000008e200000, 0x000000008e200000|100%| O|  |TAMS 0x000000008e100000| PB 0x000000008e100000| Untracked |  0
| 226|0x000000008e200000, 0x000000008e300000, 0x000000008e300000|100%| O|  |TAMS 0x000000008e200000| PB 0x000000008e200000| Untracked |  0
| 227|0x000000008e300000, 0x000000008e400000, 0x000000008e400000|100%| O|  |TAMS 0x000000008e300000| PB 0x000000008e300000| Untracked |  0
| 228|0x000000008e400000, 0x000000008e500000, 0x000000008e500000|100%| O|  |TAMS 0x000000008e400000| PB 0x000000008e400000| Untracked |  0
| 229|0x000000008e500000, 0x000000008e600000, 0x000000008e600000|100%| O|  |TAMS 0x000000008e500000| PB 0x000000008e500000| Untracked |  0
| 230|0x000000008e600000, 0x000000008e6bb7c0, 0x000000008e700000| 73%| O|  |TAMS 0x000000008e600000| PB 0x000000008e600000| Untracked |  0
| 231|0x000000008e700000, 0x000000008e700000, 0x000000008e800000|  0%| F|  |TAMS 0x000000008e700000| PB 0x000000008e700000| Untracked |  0
| 232|0x000000008e800000, 0x000000008e900000, 0x000000008e900000|100%| O|  |TAMS 0x000000008e900000| PB 0x000000008e800000| Untracked |  0
| 233|0x000000008e900000, 0x000000008ea00000, 0x000000008ea00000|100%| O|  |TAMS 0x000000008ea00000| PB 0x000000008e900000| Untracked |  0
| 234|0x000000008ea00000, 0x000000008ea00000, 0x000000008eb00000|  0%| F|  |TAMS 0x000000008ea00000| PB 0x000000008ea00000| Untracked |  0
| 235|0x000000008eb00000, 0x000000008eb00000, 0x000000008ec00000|  0%| F|  |TAMS 0x000000008eb00000| PB 0x000000008eb00000| Untracked |  0
| 236|0x000000008ec00000, 0x000000008ec00000, 0x000000008ed00000|  0%| F|  |TAMS 0x000000008ec00000| PB 0x000000008ec00000| Untracked |  0
| 237|0x000000008ed00000, 0x000000008ed00000, 0x000000008ee00000|  0%| F|  |TAMS 0x000000008ed00000| PB 0x000000008ed00000| Untracked |  0
| 238|0x000000008ee00000, 0x000000008ee00000, 0x000000008ef00000|  0%| F|  |TAMS 0x000000008ee00000| PB 0x000000008ee00000| Untracked |  0
| 239|0x000000008ef00000, 0x000000008f000000, 0x000000008f000000|100%| S|CS|TAMS 0x000000008ef00000| PB 0x000000008ef00000| Complete |  0
| 240|0x000000008f000000, 0x000000008f100000, 0x000000008f100000|100%| S|CS|TAMS 0x000000008f000000| PB 0x000000008f000000| Complete |  0
| 241|0x000000008f100000, 0x000000008f200000, 0x000000008f200000|100%| S|CS|TAMS 0x000000008f100000| PB 0x000000008f100000| Complete |  0
| 242|0x000000008f200000, 0x000000008f300000, 0x000000008f300000|100%| S|CS|TAMS 0x000000008f200000| PB 0x000000008f200000| Complete |  0
| 243|0x000000008f300000, 0x000000008f400000, 0x000000008f400000|100%| S|CS|TAMS 0x000000008f300000| PB 0x000000008f300000| Complete |  0
| 244|0x000000008f400000, 0x000000008f500000, 0x000000008f500000|100%| S|CS|TAMS 0x000000008f400000| PB 0x000000008f400000| Complete |  0
| 245|0x000000008f500000, 0x000000008f500000, 0x000000008f600000|  0%| F|  |TAMS 0x000000008f500000| PB 0x000000008f500000| Untracked |  0
| 246|0x000000008f600000, 0x000000008f600000, 0x000000008f700000|  0%| F|  |TAMS 0x000000008f600000| PB 0x000000008f600000| Untracked |  0
| 247|0x000000008f700000, 0x000000008f700000, 0x000000008f800000|  0%| F|  |TAMS 0x000000008f700000| PB 0x000000008f700000| Untracked |  0
| 248|0x000000008f800000, 0x000000008f800000, 0x000000008f900000|  0%| F|  |TAMS 0x000000008f800000| PB 0x000000008f800000| Untracked |  0
| 249|0x000000008f900000, 0x000000008f900000, 0x000000008fa00000|  0%| F|  |TAMS 0x000000008f900000| PB 0x000000008f900000| Untracked |  0
| 250|0x000000008fa00000, 0x000000008fa00000, 0x000000008fb00000|  0%| F|  |TAMS 0x000000008fa00000| PB 0x000000008fa00000| Untracked |  0
| 251|0x000000008fb00000, 0x000000008fb00000, 0x000000008fc00000|  0%| F|  |TAMS 0x000000008fb00000| PB 0x000000008fb00000| Untracked |  0
| 252|0x000000008fc00000, 0x000000008fc00000, 0x000000008fd00000|  0%| F|  |TAMS 0x000000008fc00000| PB 0x000000008fc00000| Untracked |  0
| 253|0x000000008fd00000, 0x000000008fd00000, 0x000000008fe00000|  0%| F|  |TAMS 0x000000008fd00000| PB 0x000000008fd00000| Untracked |  0
| 254|0x000000008fe00000, 0x000000008fe00000, 0x000000008ff00000|  0%| F|  |TAMS 0x000000008fe00000| PB 0x000000008fe00000| Untracked |  0
| 255|0x000000008ff00000, 0x000000008ff00000, 0x0000000090000000|  0%| F|  |TAMS 0x000000008ff00000| PB 0x000000008ff00000| Untracked |  0
| 256|0x0000000090000000, 0x0000000090100000, 0x0000000090100000|100%| S|CS|TAMS 0x0000000090000000| PB 0x0000000090000000| Complete |  0
| 257|0x0000000090100000, 0x0000000090200000, 0x0000000090200000|100%| S|CS|TAMS 0x0000000090100000| PB 0x0000000090100000| Complete |  0
| 258|0x0000000090200000, 0x0000000090300000, 0x0000000090300000|100%| S|CS|TAMS 0x0000000090200000| PB 0x0000000090200000| Complete |  0
| 259|0x0000000090300000, 0x0000000090400000, 0x0000000090400000|100%| S|CS|TAMS 0x0000000090300000| PB 0x0000000090300000| Complete |  0
| 260|0x0000000090400000, 0x0000000090400000, 0x0000000090500000|  0%| F|  |TAMS 0x0000000090400000| PB 0x0000000090400000| Untracked |  0
| 261|0x0000000090500000, 0x0000000090500000, 0x0000000090600000|  0%| F|  |TAMS 0x0000000090500000| PB 0x0000000090500000| Untracked |  0
| 262|0x0000000090600000, 0x0000000090600000, 0x0000000090700000|  0%| F|  |TAMS 0x0000000090600000| PB 0x0000000090600000| Untracked |  0
| 263|0x0000000090700000, 0x0000000090700000, 0x0000000090800000|  0%| F|  |TAMS 0x0000000090700000| PB 0x0000000090700000| Untracked |  0
| 264|0x0000000090800000, 0x0000000090800000, 0x0000000090900000|  0%| F|  |TAMS 0x0000000090800000| PB 0x0000000090800000| Untracked |  0
| 265|0x0000000090900000, 0x0000000090900000, 0x0000000090a00000|  0%| F|  |TAMS 0x0000000090900000| PB 0x0000000090900000| Untracked |  0
| 266|0x0000000090a00000, 0x0000000090a00000, 0x0000000090b00000|  0%| F|  |TAMS 0x0000000090a00000| PB 0x0000000090a00000| Untracked |  0
| 267|0x0000000090b00000, 0x0000000090b00000, 0x0000000090c00000|  0%| F|  |TAMS 0x0000000090b00000| PB 0x0000000090b00000| Untracked |  0
| 268|0x0000000090c00000, 0x0000000090c00000, 0x0000000090d00000|  0%| F|  |TAMS 0x0000000090c00000| PB 0x0000000090c00000| Untracked |  0
| 269|0x0000000090d00000, 0x0000000090d00000, 0x0000000090e00000|  0%| F|  |TAMS 0x0000000090d00000| PB 0x0000000090d00000| Untracked |  0
| 270|0x0000000090e00000, 0x0000000090e00000, 0x0000000090f00000|  0%| F|  |TAMS 0x0000000090e00000| PB 0x0000000090e00000| Untracked |  0
| 271|0x0000000090f00000, 0x0000000090f00000, 0x0000000091000000|  0%| F|  |TAMS 0x0000000090f00000| PB 0x0000000090f00000| Untracked |  0
| 272|0x0000000091000000, 0x0000000091000000, 0x0000000091100000|  0%| F|  |TAMS 0x0000000091000000| PB 0x0000000091000000| Untracked |  0
| 273|0x0000000091100000, 0x0000000091100000, 0x0000000091200000|  0%| F|  |TAMS 0x0000000091100000| PB 0x0000000091100000| Untracked |  0
| 274|0x0000000091200000, 0x0000000091200000, 0x0000000091300000|  0%| F|  |TAMS 0x0000000091200000| PB 0x0000000091200000| Untracked |  0
| 275|0x0000000091300000, 0x0000000091300000, 0x0000000091400000|  0%| F|  |TAMS 0x0000000091300000| PB 0x0000000091300000| Untracked |  0
| 276|0x0000000091400000, 0x0000000091400000, 0x0000000091500000|  0%| F|  |TAMS 0x0000000091400000| PB 0x0000000091400000| Untracked |  0
| 277|0x0000000091500000, 0x0000000091500000, 0x0000000091600000|  0%| F|  |TAMS 0x0000000091500000| PB 0x0000000091500000| Untracked |  0
| 278|0x0000000091600000, 0x0000000091600000, 0x0000000091700000|  0%| F|  |TAMS 0x0000000091600000| PB 0x0000000091600000| Untracked |  0
| 279|0x0000000091700000, 0x0000000091700000, 0x0000000091800000|  0%| F|  |TAMS 0x0000000091700000| PB 0x0000000091700000| Untracked |  0
| 280|0x0000000091800000, 0x0000000091800000, 0x0000000091900000|  0%| F|  |TAMS 0x0000000091800000| PB 0x0000000091800000| Untracked |  0
| 281|0x0000000091900000, 0x0000000091900000, 0x0000000091a00000|  0%| F|  |TAMS 0x0000000091900000| PB 0x0000000091900000| Untracked |  0
| 282|0x0000000091a00000, 0x0000000091a00000, 0x0000000091b00000|  0%| F|  |TAMS 0x0000000091a00000| PB 0x0000000091a00000| Untracked |  0
| 283|0x0000000091b00000, 0x0000000091b00000, 0x0000000091c00000|  0%| F|  |TAMS 0x0000000091b00000| PB 0x0000000091b00000| Untracked |  0
| 284|0x0000000091c00000, 0x0000000091c00000, 0x0000000091d00000|  0%| F|  |TAMS 0x0000000091c00000| PB 0x0000000091c00000| Untracked |  0
| 285|0x0000000091d00000, 0x0000000091d00000, 0x0000000091e00000|  0%| F|  |TAMS 0x0000000091d00000| PB 0x0000000091d00000| Untracked |  0
| 286|0x0000000091e00000, 0x0000000091e00000, 0x0000000091f00000|  0%| F|  |TAMS 0x0000000091e00000| PB 0x0000000091e00000| Untracked |  0
| 287|0x0000000091f00000, 0x0000000091f00000, 0x0000000092000000|  0%| F|  |TAMS 0x0000000091f00000| PB 0x0000000091f00000| Untracked |  0
| 288|0x0000000092000000, 0x0000000092000000, 0x0000000092100000|  0%| F|  |TAMS 0x0000000092000000| PB 0x0000000092000000| Untracked |  0
| 289|0x0000000092100000, 0x0000000092100000, 0x0000000092200000|  0%| F|  |TAMS 0x0000000092100000| PB 0x0000000092100000| Untracked |  0
| 290|0x0000000092200000, 0x0000000092200000, 0x0000000092300000|  0%| F|  |TAMS 0x0000000092200000| PB 0x0000000092200000| Untracked |  0
| 291|0x0000000092300000, 0x0000000092300000, 0x0000000092400000|  0%| F|  |TAMS 0x0000000092300000| PB 0x0000000092300000| Untracked |  0
| 292|0x0000000092400000, 0x0000000092400000, 0x0000000092500000|  0%| F|  |TAMS 0x0000000092400000| PB 0x0000000092400000| Untracked |  0
| 293|0x0000000092500000, 0x0000000092500000, 0x0000000092600000|  0%| F|  |TAMS 0x0000000092500000| PB 0x0000000092500000| Untracked |  0
| 294|0x0000000092600000, 0x0000000092600000, 0x0000000092700000|  0%| F|  |TAMS 0x0000000092600000| PB 0x0000000092600000| Untracked |  0
| 295|0x0000000092700000, 0x0000000092700000, 0x0000000092800000|  0%| F|  |TAMS 0x0000000092700000| PB 0x0000000092700000| Untracked |  0
| 296|0x0000000092800000, 0x0000000092800000, 0x0000000092900000|  0%| F|  |TAMS 0x0000000092800000| PB 0x0000000092800000| Untracked |  0
| 297|0x0000000092900000, 0x0000000092900000, 0x0000000092a00000|  0%| F|  |TAMS 0x0000000092900000| PB 0x0000000092900000| Untracked |  0
| 298|0x0000000092a00000, 0x0000000092a00000, 0x0000000092b00000|  0%| F|  |TAMS 0x0000000092a00000| PB 0x0000000092a00000| Untracked |  0
| 299|0x0000000092b00000, 0x0000000092b00000, 0x0000000092c00000|  0%| F|  |TAMS 0x0000000092b00000| PB 0x0000000092b00000| Untracked |  0
| 300|0x0000000092c00000, 0x0000000092c00000, 0x0000000092d00000|  0%| F|  |TAMS 0x0000000092c00000| PB 0x0000000092c00000| Untracked |  0
| 301|0x0000000092d00000, 0x0000000092d00000, 0x0000000092e00000|  0%| F|  |TAMS 0x0000000092d00000| PB 0x0000000092d00000| Untracked |  0
| 302|0x0000000092e00000, 0x0000000092e00000, 0x0000000092f00000|  0%| F|  |TAMS 0x0000000092e00000| PB 0x0000000092e00000| Untracked |  0
| 303|0x0000000092f00000, 0x0000000092f00000, 0x0000000093000000|  0%| F|  |TAMS 0x0000000092f00000| PB 0x0000000092f00000| Untracked |  0
| 304|0x0000000093000000, 0x0000000093000000, 0x0000000093100000|  0%| F|  |TAMS 0x0000000093000000| PB 0x0000000093000000| Untracked |  0
| 305|0x0000000093100000, 0x0000000093100000, 0x0000000093200000|  0%| F|  |TAMS 0x0000000093100000| PB 0x0000000093100000| Untracked |  0
| 306|0x0000000093200000, 0x0000000093200000, 0x0000000093300000|  0%| F|  |TAMS 0x0000000093200000| PB 0x0000000093200000| Untracked |  0
| 307|0x0000000093300000, 0x0000000093300000, 0x0000000093400000|  0%| F|  |TAMS 0x0000000093300000| PB 0x0000000093300000| Untracked |  0
| 308|0x0000000093400000, 0x0000000093400000, 0x0000000093500000|  0%| F|  |TAMS 0x0000000093400000| PB 0x0000000093400000| Untracked |  0
| 309|0x0000000093500000, 0x0000000093500000, 0x0000000093600000|  0%| F|  |TAMS 0x0000000093500000| PB 0x0000000093500000| Untracked |  0
| 310|0x0000000093600000, 0x0000000093600000, 0x0000000093700000|  0%| F|  |TAMS 0x0000000093600000| PB 0x0000000093600000| Untracked |  0
| 311|0x0000000093700000, 0x0000000093700000, 0x0000000093800000|  0%| F|  |TAMS 0x0000000093700000| PB 0x0000000093700000| Untracked |  0
| 312|0x0000000093800000, 0x0000000093800000, 0x0000000093900000|  0%| F|  |TAMS 0x0000000093800000| PB 0x0000000093800000| Untracked |  0
| 313|0x0000000093900000, 0x0000000093900000, 0x0000000093a00000|  0%| F|  |TAMS 0x0000000093900000| PB 0x0000000093900000| Untracked |  0
| 314|0x0000000093a00000, 0x0000000093a00000, 0x0000000093b00000|  0%| F|  |TAMS 0x0000000093a00000| PB 0x0000000093a00000| Untracked |  0
|2029|0x00000000fed00000, 0x00000000fed00000, 0x00000000fee00000|  0%| F|  |TAMS 0x00000000fed00000| PB 0x00000000fed00000| Untracked |  0
|2030|0x00000000fee00000, 0x00000000fee00000, 0x00000000fef00000|  0%| F|  |TAMS 0x00000000fee00000| PB 0x00000000fee00000| Untracked |  0
|2031|0x00000000fef00000, 0x00000000fef00000, 0x00000000ff000000|  0%| F|  |TAMS 0x00000000fef00000| PB 0x00000000fef00000| Untracked |  0
|2032|0x00000000ff000000, 0x00000000ff000000, 0x00000000ff100000|  0%| F|  |TAMS 0x00000000ff000000| PB 0x00000000ff000000| Untracked |  0
|2033|0x00000000ff100000, 0x00000000ff100000, 0x00000000ff200000|  0%| F|  |TAMS 0x00000000ff100000| PB 0x00000000ff100000| Untracked |  0
|2034|0x00000000ff200000, 0x00000000ff200000, 0x00000000ff300000|  0%| F|  |TAMS 0x00000000ff200000| PB 0x00000000ff200000| Untracked |  0
|2035|0x00000000ff300000, 0x00000000ff300000, 0x00000000ff400000|  0%| F|  |TAMS 0x00000000ff300000| PB 0x00000000ff300000| Untracked |  0
|2036|0x00000000ff400000, 0x00000000ff400000, 0x00000000ff500000|  0%| F|  |TAMS 0x00000000ff400000| PB 0x00000000ff400000| Untracked |  0
|2037|0x00000000ff500000, 0x00000000ff500000, 0x00000000ff600000|  0%| F|  |TAMS 0x00000000ff500000| PB 0x00000000ff500000| Untracked |  0
|2038|0x00000000ff600000, 0x00000000ff700000, 0x00000000ff700000|100%| O|  |TAMS 0x00000000ff700000| PB 0x00000000ff600000| Untracked |  0
|2039|0x00000000ff700000, 0x00000000ff800000, 0x00000000ff800000|100%| O|  |TAMS 0x00000000ff800000| PB 0x00000000ff700000| Untracked |  0
|2040|0x00000000ff800000, 0x00000000ff900000, 0x00000000ff900000|100%| O|  |TAMS 0x00000000ff900000| PB 0x00000000ff800000| Untracked |  0
|2041|0x00000000ff900000, 0x00000000ffa00000, 0x00000000ffa00000|100%| O|  |TAMS 0x00000000ffa00000| PB 0x00000000ff900000| Untracked |  0
|2042|0x00000000ffa00000, 0x00000000ffb00000, 0x00000000ffb00000|100%| O|  |TAMS 0x00000000ffb00000| PB 0x00000000ffa00000| Untracked |  0
|2043|0x00000000ffb00000, 0x00000000ffc00000, 0x00000000ffc00000|100%| O|  |TAMS 0x00000000ffc00000| PB 0x00000000ffb00000| Untracked |  0
|2044|0x00000000ffc00000, 0x00000000ffc00000, 0x00000000ffd00000|  0%| F|  |TAMS 0x00000000ffc00000| PB 0x00000000ffc00000| Untracked |  0
|2045|0x00000000ffd00000, 0x00000000ffe00000, 0x00000000ffe00000|100%| O|  |TAMS 0x00000000ffe00000| PB 0x00000000ffd00000| Untracked |  0
|2046|0x00000000ffe00000, 0x00000000fff00000, 0x00000000fff00000|100%| O|  |TAMS 0x00000000fff00000| PB 0x00000000ffe00000| Untracked |  0
|2047|0x00000000fff00000, 0x0000000100000000, 0x0000000100000000|100%| O|  |TAMS 0x0000000100000000| PB 0x00000000fff00000| Untracked |  0

Card table byte_map: [0x000002df1a8e0000,0x000002df1ace0000] _byte_map_base: 0x000002df1a4e0000

Marking Bits: (CMBitMap*) 0x000002df076a1cc0
 Bits: [0x000002df1ace0000, 0x000002df1cce0000)

Polling page: 0x000002df05420000

Metaspace:
Metaspace        used 146940K, committed 149312K, reserved 1179648K
 class space     used 21518K, committed 22656K, reserved 1048576K

Usage:
  Non-class:    122.48 MB used.
      Class:     21.01 MB used.
       Both:    143.50 MB used.

Virtual space:
  Non-class space:      128.00 MB reserved,     123.69 MB ( 97%) committed,  2 nodes.
      Class space:        1.00 GB reserved,      22.12 MB (  2%) committed,  1 nodes.
             Both:        1.12 GB reserved,     145.81 MB ( 13%) committed. 

Chunk freelists:
   Non-Class:  3.62 MB
       Class:  9.92 MB
        Both:  13.55 MB

MaxMetaspaceSize: unlimited
CompressedClassSpaceSize: 1.00 GB
Initial GC threshold: 21.00 MB
Current GC threshold: 236.25 MB
CDS: off
 - commit_granule_bytes: 65536.
 - commit_granule_words: 8192.
 - virtual_space_node_default_size: 8388608.
 - enlarge_chunks_in_place: 1.
UseCompressedClassPointers 1, UseCompactObjectHeaders 0
Narrow klass pointer bits 32, Max shift 3
Narrow klass base: 0x0000000000000000, Narrow klass shift: 0
Encoding Range: [0x0000000000000000 - 0x0000000100000000), (4294967296 bytes)
Klass Range:    [0x0000000006000000 - 0x0000000046000000), (1073741824 bytes)
Klass ID Range:  [100663296 - 1174405113) (1073741817)
No protection zone.


Internal statistics:

num_allocs_failed_limit: 6.
num_arena_births: 4500.
num_arena_deaths: 16.
num_vsnodes_births: 3.
num_vsnodes_deaths: 0.
num_space_committed: 2326.
num_space_uncommitted: 0.
num_chunks_returned_to_freelist: 28.
num_chunks_taken_from_freelist: 10282.
num_chunk_merges: 15.
num_chunk_splits: 6907.
num_chunks_enlarged: 4629.
num_inconsistent_stats: 0.

CodeHeap 'non-profiled nmethods': size=119168Kb used=9713Kb max_used=9713Kb free=109454Kb
 bounds [0x000002df126e0000, 0x000002df13060000, 0x000002df19b40000]
CodeHeap 'profiled nmethods': size=119168Kb used=23818Kb max_used=24972Kb free=95349Kb
 bounds [0x000002df0ab30000, 0x000002df0c3d0000, 0x000002df11f90000]
CodeHeap 'non-nmethods': size=7488Kb used=3853Kb max_used=4016Kb free=3634Kb
 bounds [0x000002df11f90000, 0x000002df123a0000, 0x000002df126e0000]
CodeCache: size=245824Kb, used=37384Kb, max_used=38701Kb, free=208437Kb
 total_blobs=18125, nmethods=17105, adapters=919, full_count=0
Compilation: enabled, stopped_count=0, restarted_count=0

Compilation events (20 events):
Event: 23.037 Thread 0x000002df24025410 nmethod 21071 0x000002df0b09c308 code [0x000002df0b09c400, 0x000002df0b09c878]
Event: 23.037 Thread 0x000002df2468e0c0 nmethod 21069 0x000002df0c2b6488 code [0x000002df0c2b6580, 0x000002df0c2b6e78]
Event: 23.038 Thread 0x000002df241945d0 nmethod 21070 0x000002df0b92e108 code [0x000002df0b92e200, 0x000002df0b92f638]
Event: 23.038 Thread 0x000002df2b9d5ea0 nmethod 21057 0x000002df13057888 code [0x000002df13057980, 0x000002df130584f0]
Event: 23.038 Thread 0x000002df2b9d5ea0 21066       4       com.android.tools.r8.it.unimi.dsi.fastutil.ints.a::g (60 bytes)
Event: 23.039 Thread 0x000002df2b9d5ea0 nmethod 21066 0x000002df13058508 code [0x000002df13058600, 0x000002df130586b8]
Event: 23.039 Thread 0x000002df2b9d5ea0 21065       4       com.android.tools.r8.internal.ka1::<init> (19 bytes)
Event: 23.039 Thread 0x000002df2b9d5ea0 nmethod 21065 0x000002df13058808 code [0x000002df13058900, 0x000002df13058a80]
Event: 23.041 Thread 0x000002df2b9d5ea0 21073       4       com.android.tools.r8.internal.ym::a (270 bytes)
Event: 23.043 Thread 0x000002df24021f50 nmethod 21060 0x000002df13058b08 code [0x000002df13058c00, 0x000002df1305a2f8]
Event: 23.043 Thread 0x000002df24021f50 21074       4       com.android.tools.r8.graph.t8::B (33 bytes)
Event: 23.044 Thread 0x000002df2bd77140 nmethod 21064 0x000002df1305a388 code [0x000002df1305a480, 0x000002df1305b5f0]
Event: 23.044 Thread 0x000002df24021f50 nmethod 21074 0x000002df1305b688 code [0x000002df1305b780, 0x000002df1305b818]
Event: 23.044 Thread 0x000002df2bd77140 21075       4       com.android.tools.r8.internal.gj2::c (150 bytes)
Event: 23.046 Thread 0x000002df2b9d5ea0 nmethod 21073 0x000002df1305b988 code [0x000002df1305ba80, 0x000002df1305c0c8]
Event: 23.046 Thread 0x000002df2bd77140 nmethod 21075 0x000002df1305c188 code [0x000002df1305c280, 0x000002df1305c400]
Event: 23.046 Thread 0x000002df241b2f10 21076       3       com.android.tools.r8.graph.j4::c (71 bytes)
Event: 23.047 Thread 0x000002df2bd77140 21077       4       com.android.tools.r8.internal.nm::h (2 bytes)
Event: 23.047 Thread 0x000002df241b2f10 nmethod 21076 0x000002df0b154f88 code [0x000002df0b155080, 0x000002df0b155a00]
Event: 23.047 Thread 0x000002df2bd77140 nmethod 21077 0x000002df1305c488 code [0x000002df1305c580, 0x000002df1305c5f8]

GC Heap Usage History (20 events):
Event: 20.614 {heap After GC invocations=56 (full 0):
 garbage-first heap   total reserved 2097152K, committed 237568K, used 160482K [0x0000000080000000, 0x0000000100000000)
  region size 1024K, 10 young (10240K), 10 survivors (10240K)
}
Event: 20.950 {heap Before GC invocations=57 (full 0):
 garbage-first heap   total reserved 2097152K, committed 280576K, used 220898K [0x0000000080000000, 0x0000000100000000)
  region size 1024K, 63 young (64512K), 10 survivors (10240K)
}
Event: 20.956 {heap After GC invocations=58 (full 0):
 garbage-first heap   total reserved 2097152K, committed 280576K, used 170838K [0x0000000080000000, 0x0000000100000000)
  region size 1024K, 8 young (8192K), 8 survivors (8192K)
}
Event: 21.359 {heap Before GC invocations=58 (full 0):
 garbage-first heap   total reserved 2097152K, committed 280576K, used 244566K [0x0000000080000000, 0x0000000100000000)
  region size 1024K, 81 young (82944K), 8 survivors (8192K)
}
Event: 21.364 {heap After GC invocations=59 (full 0):
 garbage-first heap   total reserved 2097152K, committed 280576K, used 169163K [0x0000000080000000, 0x0000000100000000)
  region size 1024K, 3 young (3072K), 3 survivors (3072K)
}
Event: 21.544 {heap Before GC invocations=59 (full 0):
 garbage-first heap   total reserved 2097152K, committed 280576K, used 246987K [0x0000000080000000, 0x0000000100000000)
  region size 1024K, 80 young (81920K), 3 survivors (3072K)
}
Event: 21.549 {heap After GC invocations=60 (full 0):
 garbage-first heap   total reserved 2097152K, committed 280576K, used 183536K [0x0000000080000000, 0x0000000100000000)
  region size 1024K, 10 young (10240K), 10 survivors (10240K)
}
Event: 21.694 {heap Before GC invocations=61 (full 0):
 garbage-first heap   total reserved 2097152K, committed 291840K, used 239856K [0x0000000080000000, 0x0000000100000000)
  region size 1024K, 75 young (76800K), 10 survivors (10240K)
}
Event: 21.699 {heap After GC invocations=62 (full 0):
 garbage-first heap   total reserved 2097152K, committed 291840K, used 189970K [0x0000000080000000, 0x0000000100000000)
  region size 1024K, 10 young (10240K), 10 survivors (10240K)
}
Event: 22.241 {heap Before GC invocations=62 (full 0):
 garbage-first heap   total reserved 2097152K, committed 291840K, used 257554K [0x0000000080000000, 0x0000000100000000)
  region size 1024K, 77 young (78848K), 10 survivors (10240K)
}
Event: 22.246 {heap After GC invocations=63 (full 0):
 garbage-first heap   total reserved 2097152K, committed 291840K, used 188319K [0x0000000080000000, 0x0000000100000000)
  region size 1024K, 6 young (6144K), 6 survivors (6144K)
}
Event: 22.389 {heap Before GC invocations=63 (full 0):
 garbage-first heap   total reserved 2097152K, committed 291840K, used 259999K [0x0000000080000000, 0x0000000100000000)
  region size 1024K, 77 young (78848K), 6 survivors (6144K)
}
Event: 22.399 {heap After GC invocations=64 (full 0):
 garbage-first heap   total reserved 2097152K, committed 291840K, used 204066K [0x0000000080000000, 0x0000000100000000)
  region size 1024K, 10 young (10240K), 10 survivors (10240K)
}
Event: 22.530 {heap Before GC invocations=65 (full 0):
 garbage-first heap   total reserved 2097152K, committed 342016K, used 262434K [0x0000000080000000, 0x0000000100000000)
  region size 1024K, 68 young (69632K), 10 survivors (10240K)
}
Event: 22.540 {heap After GC invocations=66 (full 0):
 garbage-first heap   total reserved 2097152K, committed 342016K, used 216519K [0x0000000080000000, 0x0000000100000000)
  region size 1024K, 9 young (9216K), 9 survivors (9216K)
}
Event: 22.691 {heap Before GC invocations=66 (full 0):
 garbage-first heap   total reserved 2097152K, committed 342016K, used 301511K [0x0000000080000000, 0x0000000100000000)
  region size 1024K, 93 young (95232K), 9 survivors (9216K)
}
Event: 22.705 {heap After GC invocations=67 (full 0):
 garbage-first heap   total reserved 2097152K, committed 342016K, used 235037K [0x0000000080000000, 0x0000000100000000)
  region size 1024K, 12 young (12288K), 12 survivors (12288K)
}
Event: 22.959 {heap Before GC invocations=67 (full 0):
 garbage-first heap   total reserved 2097152K, committed 342016K, used 304669K [0x0000000080000000, 0x0000000100000000)
  region size 1024K, 81 young (82944K), 12 survivors (12288K)
}
Event: 22.970 {heap After GC invocations=68 (full 0):
 garbage-first heap   total reserved 2097152K, committed 342016K, used 241828K [0x0000000080000000, 0x0000000100000000)
  region size 1024K, 11 young (11264K), 11 survivors (11264K)
}
Event: 23.047 {heap Before GC invocations=68 (full 0):
 garbage-first heap   total reserved 2097152K, committed 342016K, used 307364K [0x0000000080000000, 0x0000000100000000)
  region size 1024K, 76 young (77824K), 11 survivors (11264K)
}

Metaspace Usage History (20 events):
Event: 20.614 {metaspace After GC invocations=56 (full 0):
 Metaspace       used 131048K, committed 133376K, reserved 1179648K
  class space    used 19005K, committed 20096K, reserved 1048576K
}
Event: 20.950 {metaspace Before GC invocations=57 (full 0):
 Metaspace       used 133283K, committed 135552K, reserved 1179648K
  class space    used 19192K, committed 20288K, reserved 1048576K
}
Event: 20.956 {metaspace After GC invocations=58 (full 0):
 Metaspace       used 133283K, committed 135552K, reserved 1179648K
  class space    used 19192K, committed 20288K, reserved 1048576K
}
Event: 21.359 {metaspace Before GC invocations=58 (full 0):
 Metaspace       used 135639K, committed 137984K, reserved 1179648K
  class space    used 19489K, committed 20608K, reserved 1048576K
}
Event: 21.364 {metaspace After GC invocations=59 (full 0):
 Metaspace       used 135639K, committed 137984K, reserved 1179648K
  class space    used 19489K, committed 20608K, reserved 1048576K
}
Event: 21.544 {metaspace Before GC invocations=59 (full 0):
 Metaspace       used 136462K, committed 138752K, reserved 1179648K
  class space    used 19629K, committed 20736K, reserved 1048576K
}
Event: 21.549 {metaspace After GC invocations=60 (full 0):
 Metaspace       used 136462K, committed 138752K, reserved 1179648K
  class space    used 19629K, committed 20736K, reserved 1048576K
}
Event: 21.694 {metaspace Before GC invocations=61 (full 0):
 Metaspace       used 137071K, committed 139392K, reserved 1179648K
  class space    used 19698K, committed 20800K, reserved 1048576K
}
Event: 21.699 {metaspace After GC invocations=62 (full 0):
 Metaspace       used 137071K, committed 139392K, reserved 1179648K
  class space    used 19698K, committed 20800K, reserved 1048576K
}
Event: 22.241 {metaspace Before GC invocations=62 (full 0):
 Metaspace       used 141644K, committed 144000K, reserved 1179648K
  class space    used 20580K, committed 21696K, reserved 1048576K
}
Event: 22.246 {metaspace After GC invocations=63 (full 0):
 Metaspace       used 141644K, committed 144000K, reserved 1179648K
  class space    used 20580K, committed 21696K, reserved 1048576K
}
Event: 22.389 {metaspace Before GC invocations=63 (full 0):
 Metaspace       used 142474K, committed 144832K, reserved 1179648K
  class space    used 20678K, committed 21760K, reserved 1048576K
}
Event: 22.399 {metaspace After GC invocations=64 (full 0):
 Metaspace       used 142474K, committed 144832K, reserved 1179648K
  class space    used 20678K, committed 21760K, reserved 1048576K
}
Event: 22.530 {metaspace Before GC invocations=65 (full 0):
 Metaspace       used 142818K, committed 145152K, reserved 1179648K
  class space    used 20743K, committed 21824K, reserved 1048576K
}
Event: 22.540 {metaspace After GC invocations=66 (full 0):
 Metaspace       used 142818K, committed 145152K, reserved 1179648K
  class space    used 20743K, committed 21824K, reserved 1048576K
}
Event: 22.691 {metaspace Before GC invocations=66 (full 0):
 Metaspace       used 143513K, committed 145856K, reserved 1179648K
  class space    used 20902K, committed 22016K, reserved 1048576K
}
Event: 22.705 {metaspace After GC invocations=67 (full 0):
 Metaspace       used 143513K, committed 145856K, reserved 1179648K
  class space    used 20902K, committed 22016K, reserved 1048576K
}
Event: 22.959 {metaspace Before GC invocations=67 (full 0):
 Metaspace       used 146655K, committed 148992K, reserved 1179648K
  class space    used 21482K, committed 22592K, reserved 1048576K
}
Event: 22.970 {metaspace After GC invocations=68 (full 0):
 Metaspace       used 146655K, committed 148992K, reserved 1179648K
  class space    used 21482K, committed 22592K, reserved 1048576K
}
Event: 23.047 {metaspace Before GC invocations=68 (full 0):
 Metaspace       used 146940K, committed 149312K, reserved 1179648K
  class space    used 21518K, committed 22656K, reserved 1048576K
}

Dll operation events (3 events):
Event: 0.013 Loaded shared library C:\Program Files\Android\Android Studio1\jbr\bin\java.dll
Event: 0.018 Loaded shared library C:\Program Files\Android\Android Studio1\jbr\bin\zip.dll
Event: 0.736 Loaded shared library C:\Program Files\Android\Android Studio1\jbr\bin\verify.dll

Deoptimization events (20 events):
Event: 22.931 Thread 0x000002df27ea4680 DEOPT PACKING pc=0x000002df130365f0 sp=0x000000f0a25f65f0
Event: 22.931 Thread 0x000002df27ea4680 DEOPT UNPACKING pc=0x000002df120a8582 sp=0x000000f0a25f65b8 mode 2
Event: 22.950 Thread 0x000002df288efb70 DEOPT PACKING pc=0x000002df0be672bc sp=0x000000f0a09fa330
Event: 22.950 Thread 0x000002df288efb70 DEOPT UNPACKING pc=0x000002df11fe1702 sp=0x000000f0a09f9890 mode 0
Event: 22.950 Thread 0x000002df288fd490 DEOPT PACKING pc=0x000002df0be672bc sp=0x000000f0a11fa370
Event: 22.950 Thread 0x000002df288fd490 DEOPT UNPACKING pc=0x000002df11fe1702 sp=0x000000f0a11f98d0 mode 0
Event: 22.955 Thread 0x000002df28531930 DEOPT PACKING pc=0x000002df0be672bc sp=0x000000f0a05fa590
Event: 22.955 Thread 0x000002df28531930 DEOPT UNPACKING pc=0x000002df11fe1702 sp=0x000000f0a05f9af0 mode 0
Event: 22.956 Thread 0x000002df28902a80 DEOPT PACKING pc=0x000002df0be672bc sp=0x000000f0a12fa050
Event: 22.956 Thread 0x000002df28902a80 DEOPT UNPACKING pc=0x000002df11fe1702 sp=0x000000f0a12f95b0 mode 0
Event: 22.975 Thread 0x000002df288efb70 Uncommon trap: trap_request=0xffffff45 fr.pc=0x000002df13042cc8 relative=0x0000000000001448
Event: 22.975 Thread 0x000002df288efb70 Uncommon trap: reason=unstable_if action=reinterpret pc=0x000002df13042cc8 method=com.android.tools.r8.graph.a8.a(I)V @ 481 c2
Event: 22.975 Thread 0x000002df288efb70 DEOPT PACKING pc=0x000002df13042cc8 sp=0x000000f0a09f9b40
Event: 22.975 Thread 0x000002df288efb70 DEOPT UNPACKING pc=0x000002df120a8582 sp=0x000000f0a09f9af8 mode 2
Event: 22.979 Thread 0x000002df288f2a50 DEOPT PACKING pc=0x000002df0be672bc sp=0x000000f0a08fa1d0
Event: 22.979 Thread 0x000002df288f2a50 DEOPT UNPACKING pc=0x000002df11fe1702 sp=0x000000f0a08f9730 mode 0
Event: 23.000 Thread 0x000002df288f0b10 Uncommon trap: trap_request=0xffffff45 fr.pc=0x000002df1304447c relative=0x00000000000004fc
Event: 23.000 Thread 0x000002df288f0b10 Uncommon trap: reason=unstable_if action=reinterpret pc=0x000002df1304447c method=com.android.tools.r8.graph.w0.hashCode()I @ 30 c2
Event: 23.000 Thread 0x000002df288f0b10 DEOPT PACKING pc=0x000002df1304447c sp=0x000000f0a0af9da0
Event: 23.000 Thread 0x000002df288f0b10 DEOPT UNPACKING pc=0x000002df120a8582 sp=0x000000f0a0af9d40 mode 2

Classes loaded (20 events):
Event: 21.212 Loading class com/sun/xml/internal/stream/util/ReadOnlyIterator
Event: 21.212 Loading class com/sun/xml/internal/stream/util/ReadOnlyIterator done
Event: 21.248 Loading class java/util/SplittableRandom
Event: 21.249 Loading class java/util/random/RandomGenerator$SplittableGenerator
Event: 21.249 Loading class java/util/random/RandomGenerator$StreamableGenerator
Event: 21.249 Loading class java/util/random/RandomGenerator$StreamableGenerator done
Event: 21.249 Loading class java/util/random/RandomGenerator$SplittableGenerator done
Event: 21.249 Loading class java/util/SplittableRandom done
Event: 21.249 Loading class java/util/SplittableRandom$AbstractSplittableGeneratorProxy
Event: 21.249 Loading class jdk/internal/util/random/RandomSupport$AbstractSplittableGenerator
Event: 21.250 Loading class jdk/internal/util/random/RandomSupport$AbstractSpliteratorGenerator
Event: 21.250 Loading class jdk/internal/util/random/RandomSupport$AbstractSpliteratorGenerator done
Event: 21.250 Loading class jdk/internal/util/random/RandomSupport$AbstractSplittableGenerator done
Event: 21.250 Loading class java/util/SplittableRandom$AbstractSplittableGeneratorProxy done
Event: 21.350 Loading class java/util/zip/ZipFile$ZipEntryIterator
Event: 21.350 Loading class java/util/zip/ZipFile$ZipEntryIterator done
Event: 21.710 Loading class java/io/UTFDataFormatException
Event: 21.710 Loading class java/io/UTFDataFormatException done
Event: 21.920 Loading class java/util/concurrent/RejectedExecutionException
Event: 21.921 Loading class java/util/concurrent/RejectedExecutionException done

Classes unloaded (8 events):
Event: 22.513 Thread 0x000002df1f8f2890 Unloading class 0x0000000007438000 'java/lang/invoke/LambdaForm$DMH+0x0000000007438000'
Event: 22.513 Thread 0x000002df1f8f2890 Unloading class 0x0000000007435c00 'java/lang/invoke/LambdaForm$DMH+0x0000000007435c00'
Event: 22.513 Thread 0x000002df1f8f2890 Unloading class 0x0000000007435800 'java/lang/invoke/LambdaForm$DMH+0x0000000007435800'
Event: 22.513 Thread 0x000002df1f8f2890 Unloading class 0x0000000007435400 'java/lang/invoke/LambdaForm$DMH+0x0000000007435400'
Event: 22.513 Thread 0x000002df1f8f2890 Unloading class 0x0000000007435000 'java/lang/invoke/LambdaForm$DMH+0x0000000007435000'
Event: 22.513 Thread 0x000002df1f8f2890 Unloading class 0x0000000007434800 'java/lang/invoke/LambdaForm$DMH+0x0000000007434800'
Event: 22.513 Thread 0x000002df1f8f2890 Unloading class 0x0000000007434c00 'java/lang/invoke/LambdaForm$DMH+0x0000000007434c00'
Event: 22.513 Thread 0x000002df1f8f2890 Unloading class 0x0000000007434400 'java/lang/invoke/LambdaForm$DMH+0x0000000007434400'

Classes redefined (0 events):
No events

Internal exceptions (20 events):
Event: 23.006 Thread 0x000002df288edc30 Exception <a 'sun/nio/fs/WindowsException'{0x000000009283e460}> (0x000000009283e460) 
thrown [s\src\hotspot\share\prims\jni.cpp, line 535]
Event: 23.009 Thread 0x000002df288f0340 Exception <a 'sun/nio/fs/WindowsException'{0x00000000930cb990}> (0x00000000930cb990) 
thrown [s\src\hotspot\share\prims\jni.cpp, line 535]
Event: 23.011 Thread 0x000002df288f0340 Exception <a 'sun/nio/fs/WindowsException'{0x0000000092442228}> (0x0000000092442228) 
thrown [s\src\hotspot\share\prims\jni.cpp, line 535]
Event: 23.013 Thread 0x000002df288f0340 Exception <a 'sun/nio/fs/WindowsException'{0x00000000922bae60}> (0x00000000922bae60) 
thrown [s\src\hotspot\share\prims\jni.cpp, line 535]
Event: 23.015 Thread 0x000002df288f0340 Exception <a 'sun/nio/fs/WindowsException'{0x00000000921c4b38}> (0x00000000921c4b38) 
thrown [s\src\hotspot\share\prims\jni.cpp, line 535]
Event: 23.017 Thread 0x000002df288f0340 Exception <a 'sun/nio/fs/WindowsException'{0x0000000092063780}> (0x0000000092063780) 
thrown [s\src\hotspot\share\prims\jni.cpp, line 535]
Event: 23.019 Thread 0x000002df288f0340 Exception <a 'sun/nio/fs/WindowsException'{0x0000000091e6d3d8}> (0x0000000091e6d3d8) 
thrown [s\src\hotspot\share\prims\jni.cpp, line 535]
Event: 23.020 Thread 0x000002df288f0340 Exception <a 'sun/nio/fs/WindowsException'{0x0000000091b09f20}> (0x0000000091b09f20) 
thrown [s\src\hotspot\share\prims\jni.cpp, line 535]
Event: 23.022 Thread 0x000002df288f0340 Exception <a 'sun/nio/fs/WindowsException'{0x0000000091a305d8}> (0x0000000091a305d8) 
thrown [s\src\hotspot\share\prims\jni.cpp, line 535]
Event: 23.024 Thread 0x000002df288f0340 Exception <a 'sun/nio/fs/WindowsException'{0x0000000091831398}> (0x0000000091831398) 
thrown [s\src\hotspot\share\prims\jni.cpp, line 535]
Event: 23.026 Thread 0x000002df288f0340 Exception <a 'sun/nio/fs/WindowsException'{0x00000000917ae650}> (0x00000000917ae650) 
thrown [s\src\hotspot\share\prims\jni.cpp, line 535]
Event: 23.028 Thread 0x000002df288f0340 Exception <a 'sun/nio/fs/WindowsException'{0x00000000915ff590}> (0x00000000915ff590) 
thrown [s\src\hotspot\share\prims\jni.cpp, line 535]
Event: 23.030 Thread 0x000002df288f0340 Exception <a 'sun/nio/fs/WindowsException'{0x000000009133e838}> (0x000000009133e838) 
thrown [s\src\hotspot\share\prims\jni.cpp, line 535]
Event: 23.032 Thread 0x000002df288f0340 Exception <a 'sun/nio/fs/WindowsException'{0x0000000091104060}> (0x0000000091104060) 
thrown [s\src\hotspot\share\prims\jni.cpp, line 535]
Event: 23.034 Thread 0x000002df288f0340 Exception <a 'sun/nio/fs/WindowsException'{0x0000000091083008}> (0x0000000091083008) 
thrown [s\src\hotspot\share\prims\jni.cpp, line 535]
Event: 23.036 Thread 0x000002df288f0340 Exception <a 'sun/nio/fs/WindowsException'{0x0000000090e03420}> (0x0000000090e03420) 
thrown [s\src\hotspot\share\prims\jni.cpp, line 535]
Event: 23.040 Thread 0x000002df288f0340 Exception <a 'sun/nio/fs/WindowsException'{0x0000000090b831b8}> (0x0000000090b831b8) 
thrown [s\src\hotspot\share\prims\jni.cpp, line 535]
Event: 23.042 Thread 0x000002df288f0340 Exception <a 'sun/nio/fs/WindowsException'{0x0000000090ae4fb8}> (0x0000000090ae4fb8) 
thrown [s\src\hotspot\share\prims\jni.cpp, line 535]
Event: 23.044 Thread 0x000002df288f0340 Exception <a 'sun/nio/fs/WindowsException'{0x00000000907327b0}> (0x00000000907327b0) 
thrown [s\src\hotspot\share\prims\jni.cpp, line 535]
Event: 23.046 Thread 0x000002df288f0340 Exception <a 'sun/nio/fs/WindowsException'{0x00000000906499f0}> (0x00000000906499f0) 
thrown [s\src\hotspot\share\prims\jni.cpp, line 535]

VM Operations (20 events):
Event: 22.575 Executing safepoint VM operation: G1PauseCleanup done
Event: 22.691 Executing safepoint VM operation: G1CollectForAllocation (G1 Evacuation Pause)
Event: 22.705 Executing safepoint VM operation: G1CollectForAllocation (G1 Evacuation Pause) done
Event: 22.797 Executing non-safepoint VM operation: HandshakeAllThreads (Deoptimize)
Event: 22.797 Executing non-safepoint VM operation: HandshakeAllThreads (Deoptimize) done
Event: 22.845 Executing non-safepoint VM operation: HandshakeAllThreads (Deoptimize)
Event: 22.846 Executing non-safepoint VM operation: HandshakeAllThreads (Deoptimize) done
Event: 22.874 Executing non-safepoint VM operation: HandshakeAllThreads (Deoptimize)
Event: 22.874 Executing non-safepoint VM operation: HandshakeAllThreads (Deoptimize) done
Event: 22.878 Executing non-safepoint VM operation: HandshakeAllThreads (Deoptimize)
Event: 22.879 Executing non-safepoint VM operation: HandshakeAllThreads (Deoptimize) done
Event: 22.881 Executing non-safepoint VM operation: HandshakeAllThreads (Deoptimize)
Event: 22.881 Executing non-safepoint VM operation: HandshakeAllThreads (Deoptimize) done
Event: 22.893 Executing non-safepoint VM operation: HandshakeAllThreads (Deoptimize)
Event: 22.893 Executing non-safepoint VM operation: HandshakeAllThreads (Deoptimize) done
Event: 22.949 Executing non-safepoint VM operation: HandshakeAllThreads (Deoptimize)
Event: 22.952 Executing non-safepoint VM operation: HandshakeAllThreads (Deoptimize) done
Event: 22.959 Executing safepoint VM operation: G1CollectForAllocation (G1 Evacuation Pause)
Event: 22.970 Executing safepoint VM operation: G1CollectForAllocation (G1 Evacuation Pause) done
Event: 23.047 Executing safepoint VM operation: G1CollectForAllocation (G1 Evacuation Pause)

Memory protections (0 events):
No events

Nmethod flushes (20 events):
Event: 22.524 Thread 0x000002df1f8f2890 flushing  nmethod 0x000002df0b31d488
Event: 22.524 Thread 0x000002df1f8f2890 flushing  nmethod 0x000002df0b31ee08
Event: 22.524 Thread 0x000002df1f8f2890 flushing  nmethod 0x000002df0b37aa88
Event: 22.524 Thread 0x000002df1f8f2890 flushing  nmethod 0x000002df0b3dab88
Event: 22.524 Thread 0x000002df1f8f2890 flushing  nmethod 0x000002df0b61ce88
Event: 22.524 Thread 0x000002df1f8f2890 flushing  nmethod 0x000002df0b61d408
Event: 22.524 Thread 0x000002df1f8f2890 flushing  nmethod 0x000002df0b701308
Event: 22.524 Thread 0x000002df1f8f2890 flushing  nmethod 0x000002df0b87b108
Event: 22.524 Thread 0x000002df1f8f2890 flushing  nmethod 0x000002df0bbc9c88
Event: 22.524 Thread 0x000002df1f8f2890 flushing  nmethod 0x000002df0bbcd788
Event: 22.524 Thread 0x000002df1f8f2890 flushing  nmethod 0x000002df0c1b5508
Event: 22.524 Thread 0x000002df1f8f2890 flushing  nmethod 0x000002df0c1b9388
Event: 22.524 Thread 0x000002df1f8f2890 flushing  nmethod 0x000002df0c1bd988
Event: 22.524 Thread 0x000002df1f8f2890 flushing  nmethod 0x000002df0c1c2288
Event: 22.524 Thread 0x000002df1f8f2890 flushing  nmethod 0x000002df0c1c7588
Event: 22.524 Thread 0x000002df1f8f2890 flushing  nmethod 0x000002df0c1ca988
Event: 22.524 Thread 0x000002df1f8f2890 flushing  nmethod 0x000002df0c1d2888
Event: 22.524 Thread 0x000002df1f8f2890 flushing  nmethod 0x000002df0c1d9508
Event: 22.524 Thread 0x000002df1f8f2890 flushing  nmethod 0x000002df0c2c9008
Event: 22.524 Thread 0x000002df1f8f2890 flushing  nmethod 0x000002df0c2d1088

Events (20 events):
Event: 19.012 Thread 0x000002df27ea4680 Thread added: 0x000002df2c3eeeb0
Event: 19.031 Thread 0x000002df29d67da0 Thread added: 0x000002df2c3efe50
Event: 19.051 Thread 0x000002df24021f50 Thread added: 0x000002df2c266350
Event: 19.089 Thread 0x000002df27ea7d30 Thread added: 0x000002df2c3f2560
Event: 20.055 Thread 0x000002df241b2f10 Thread added: 0x000002df2c12f4c0
Event: 20.551 Thread 0x000002df2c12f4c0 Thread exited: 0x000002df2c12f4c0
Event: 20.598 Thread 0x000002df27ed0740 Thread added: 0x000002df2b8979d0
Event: 20.719 Thread 0x000002df29d67da0 Thread added: 0x000002df313b17f0
Event: 20.725 Thread 0x000002df29d67da0 Thread added: 0x000002df313b0080
Event: 20.725 Thread 0x000002df241b2f10 Thread added: 0x000002df2c26a3d0
Event: 20.732 Thread 0x000002df2c26a3d0 Thread added: 0x000002df24aa5dc0
Event: 20.732 Thread 0x000002df2c26a3d0 Thread added: 0x000002df24aa75f0
Event: 21.918 Thread 0x000002df24aa75f0 Thread exited: 0x000002df24aa75f0
Event: 21.953 Thread 0x000002df24aa5dc0 Thread exited: 0x000002df24aa5dc0
Event: 22.064 Thread 0x000002df2c26a3d0 Thread exited: 0x000002df2c26a3d0
Event: 22.124 Thread 0x000002df2b8979d0 Thread exited: 0x000002df2b8979d0
Event: 22.289 Thread 0x000002df241b2f10 Thread added: 0x000002df2bd71080
Event: 22.292 Thread 0x000002df241945d0 Thread added: 0x000002df2b9d5ea0
Event: 22.314 Thread 0x000002df241945d0 Thread added: 0x000002df2bd77140
Event: 22.318 Thread 0x000002df241b2f10 Thread added: 0x000002df2b8961a0


Dynamic libraries:
0x00007ff6c8050000 - 0x00007ff6c805a000 	C:\Program Files\Android\Android Studio1\jbr\bin\java.exe
0x00007ffe8fc80000 - 0x00007ffe8fee7000 	C:\WINDOWS\SYSTEM32\ntdll.dll
0x00007ffe8fa60000 - 0x00007ffe8fb2b000 	C:\WINDOWS\System32\KERNEL32.DLL
0x00007ffe8cfe0000 - 0x00007ffe8d3e2000 	C:\WINDOWS\System32\KERNELBASE.dll
0x00007ffe8d630000 - 0x00007ffe8d77c000 	C:\WINDOWS\System32\ucrtbase.dll
0x00007ffe875e0000 - 0x00007ffe875fb000 	C:\Program Files\Android\Android Studio1\jbr\bin\VCRUNTIME140.dll
0x00007ffe6eee0000 - 0x00007ffe6eef6000 	C:\Program Files\Android\Android Studio1\jbr\bin\jli.dll
0x00007ffe8e2b0000 - 0x00007ffe8e47f000 	C:\WINDOWS\System32\USER32.dll
0x00007ffe8ce80000 - 0x00007ffe8cea7000 	C:\WINDOWS\System32\win32u.dll
0x00007ffe60d10000 - 0x00007ffe60fa0000 	C:\WINDOWS\WinSxS\amd64_microsoft.windows.common-controls_6595b64144ccf1df_6.0.26100.9278_none_3e0d1ba8e3303201\COMCTL32.dll
0x00007ffe8ea40000 - 0x00007ffe8ea6b000 	C:\WINDOWS\System32\GDI32.dll
0x00007ffe8e200000 - 0x00007ffe8e2a9000 	C:\WINDOWS\System32\msvcrt.dll
0x00007ffe8ceb0000 - 0x00007ffe8cfd9000 	C:\WINDOWS\System32\gdi32full.dll
0x00007ffe8d3f0000 - 0x00007ffe8d493000 	C:\WINDOWS\System32\msvcp_win.dll
0x00007ffe8fbe0000 - 0x00007ffe8fc11000 	C:\WINDOWS\System32\IMM32.DLL
0x00007ffe87b10000 - 0x00007ffe87b1c000 	C:\Program Files\Android\Android Studio1\jbr\bin\vcruntime140_1.dll
0x00007ffe64ea0000 - 0x00007ffe64f2d000 	C:\Program Files\Android\Android Studio1\jbr\bin\msvcp140.dll
0x00007ffdd1d50000 - 0x00007ffdd2c2d000 	C:\Program Files\Android\Android Studio1\jbr\bin\server\jvm.dll
0x00007ffe8f810000 - 0x00007ffe8f8cc000 	C:\WINDOWS\System32\ADVAPI32.dll
0x00007ffe8fb30000 - 0x00007ffe8fbd9000 	C:\WINDOWS\System32\sechost.dll
0x00007ffe8e4e0000 - 0x00007ffe8e5f8000 	C:\WINDOWS\System32\RPCRT4.dll
0x00007ffe8f9d0000 - 0x00007ffe8fa50000 	C:\WINDOWS\System32\WS2_32.dll
0x00007ffe85440000 - 0x00007ffe8544b000 	C:\WINDOWS\SYSTEM32\VERSION.dll
0x00007ffe7b8f0000 - 0x00007ffe7b926000 	C:\WINDOWS\SYSTEM32\WINMM.dll
0x00007ffe8cc30000 - 0x00007ffe8cc8e000 	C:\WINDOWS\SYSTEM32\POWRPROF.dll
0x00007ffe8cc10000 - 0x00007ffe8cc25000 	C:\WINDOWS\SYSTEM32\UMPDC.dll
0x00007ffe8bb50000 - 0x00007ffe8bb6b000 	C:\WINDOWS\SYSTEM32\kernel.appcore.dll
0x00007ffe875d0000 - 0x00007ffe875da000 	C:\Program Files\Android\Android Studio1\jbr\bin\jimage.dll
0x00007ffe8a640000 - 0x00007ffe8a88c000 	C:\WINDOWS\SYSTEM32\DBGHELP.DLL
0x00007ffe8ef10000 - 0x00007ffe8f295000 	C:\WINDOWS\System32\combase.dll
0x00007ffe8e8f0000 - 0x00007ffe8e9c9000 	C:\WINDOWS\System32\OLEAUT32.dll
0x00007ffe57c50000 - 0x00007ffe57c8b000 	C:\WINDOWS\SYSTEM32\dbgcore.DLL
0x00007ffe8d8e0000 - 0x00007ffe8d98c000 	C:\WINDOWS\System32\bcryptPrimitives.dll
0x00007ffe6eed0000 - 0x00007ffe6eede000 	C:\Program Files\Android\Android Studio1\jbr\bin\instrument.dll
0x00007ffe87590000 - 0x00007ffe875ae000 	C:\Program Files\Android\Android Studio1\jbr\bin\java.dll
0x00007ffe8f510000 - 0x00007ffe8f6aa000 	C:\WINDOWS\System32\ole32.dll
0x00007ffe8da60000 - 0x00007ffe8e1f8000 	C:\WINDOWS\System32\SHELL32.dll
0x00007ffe85070000 - 0x00007ffe85086000 	C:\Program Files\Android\Android Studio1\jbr\bin\zip.dll
0x00007ffe8a8d0000 - 0x00007ffe8b17e000 	C:\WINDOWS\SYSTEM32\windows.storage.dll
0x00007ffe8e670000 - 0x00007ffe8e76b000 	C:\WINDOWS\System32\SHCORE.dll
0x00007ffe8e600000 - 0x00007ffe8e666000 	C:\WINDOWS\System32\shlwapi.dll
0x00007ffe8cda0000 - 0x00007ffe8cdc9000 	C:\WINDOWS\SYSTEM32\profapi.dll
0x00007ffe84df0000 - 0x00007ffe84e00000 	C:\Program Files\Android\Android Studio1\jbr\bin\net.dll
0x00007ffe8c110000 - 0x00007ffe8c17c000 	C:\WINDOWS\system32\mswsock.dll
0x00007ffe842d0000 - 0x00007ffe842e6000 	C:\Program Files\Android\Android Studio1\jbr\bin\nio.dll
0x00007ffe6f020000 - 0x00007ffe6f030000 	C:\Program Files\Android\Android Studio1\jbr\bin\verify.dll
0x00007ffe5ed40000 - 0x00007ffe5ed67000 	C:\Users\jerin\.gradle\native\660c5614fbf4a5f2a75b1949f50a0caf5cd603558e7d8a26e50b933a0cfb79d1\windows-amd64\native-platform.dll
0x00007ffe67120000 - 0x00007ffe67197000 	C:\Users\jerin\.gradle\native\0.2.8\x86_64-windows-gnu\gradle-fileevents.dll
0x00007ffe84d50000 - 0x00007ffe84d59000 	C:\Program Files\Android\Android Studio1\jbr\bin\management.dll
0x00007ffe84d20000 - 0x00007ffe84d2b000 	C:\Program Files\Android\Android Studio1\jbr\bin\management_ext.dll
0x00007ffe8ea30000 - 0x00007ffe8ea38000 	C:\WINDOWS\System32\PSAPI.DLL
0x00007ffe8b4d0000 - 0x00007ffe8b503000 	C:\WINDOWS\SYSTEM32\IPHLPAPI.DLL
0x00007ffe8ea70000 - 0x00007ffe8ea7a000 	C:\WINDOWS\System32\NSI.dll
0x00007ffe84de0000 - 0x00007ffe84de9000 	C:\Program Files\Android\Android Studio1\jbr\bin\extnet.dll
0x00007ffe8c420000 - 0x00007ffe8c43b000 	C:\WINDOWS\SYSTEM32\CRYPTSP.dll
0x00007ffe8bab0000 - 0x00007ffe8bae9000 	C:\WINDOWS\system32\rsaenh.dll
0x00007ffe8c1c0000 - 0x00007ffe8c1f4000 	C:\WINDOWS\SYSTEM32\USERENV.dll
0x00007ffe8cd70000 - 0x00007ffe8cd9a000 	C:\WINDOWS\SYSTEM32\bcrypt.dll
0x00007ffe8c400000 - 0x00007ffe8c40c000 	C:\WINDOWS\SYSTEM32\CRYPTBASE.dll
0x00007ffe5d120000 - 0x00007ffe5d128000 	C:\WINDOWS\system32\wshunix.dll
0x00007ffe8b560000 - 0x00007ffe8b6b8000 	C:\WINDOWS\SYSTEM32\DNSAPI.dll
0x00007ffe8bea0000 - 0x00007ffe8bead000 	C:\WINDOWS\SYSTEM32\DSPARSE.dll
0x00007ffe85430000 - 0x00007ffe8543b000 	C:\Windows\System32\rasadhlp.dll
0x00007ffe83a80000 - 0x00007ffe83b06000 	C:\WINDOWS\System32\fwpuclnt.dll
0x00007ffe8bc80000 - 0x00007ffe8bcb6000 	C:\WINDOWS\SYSTEM32\ntmarta.dll

JVMTI agents:
C:\Users\jerin\.gradle\wrapper\dists\gradle-9.6.0-bin\42k10rwplmzkhuboz9kdazi7s\gradle-9.6.0\lib\agents\gradle-instrumentation-agent-9.6.0.jar path:C:\Program Files\Android\Android Studio1\jbr\bin\instrument.dll, loaded, initialized, instrumentlib options:none

dbghelp: loaded successfully - version: 4.0.5 - missing functions: none
symbol engine: initialized successfully - sym options: 0x614 - pdb path: .;C:\Program Files\Android\Android Studio1\jbr\bin;C:\WINDOWS\SYSTEM32;C:\WINDOWS\WinSxS\amd64_microsoft.windows.common-controls_6595b64144ccf1df_6.0.26100.9278_none_3e0d1ba8e3303201;C:\Program Files\Android\Android Studio1\jbr\bin\server;C:\Users\jerin\.gradle\native\660c5614fbf4a5f2a75b1949f50a0caf5cd603558e7d8a26e50b933a0cfb79d1\windows-amd64;C:\Users\jerin\.gradle\native\0.2.8\x86_64-windows-gnu

VM Arguments:
jvm_args: --add-opens=java.base/java.lang=ALL-UNNAMED --add-opens=java.base/java.lang.invoke=ALL-UNNAMED --add-opens=java.base/java.util=ALL-UNNAMED --add-opens=java.prefs/java.util.prefs=ALL-UNNAMED --add-exports=jdk.compiler/com.sun.tools.javac.api=ALL-UNNAMED --add-exports=jdk.compiler/com.sun.tools.javac.util=ALL-UNNAMED --add-opens=java.base/java.nio.charset=ALL-UNNAMED --add-opens=java.base/java.net=ALL-UNNAMED --add-opens=java.base/java.util.concurrent=ALL-UNNAMED --add-opens=java.base/java.util.concurrent.atomic=ALL-UNNAMED --add-opens=java.xml/javax.xml.namespace=ALL-UNNAMED --add-opens=java.base/java.time=ALL-UNNAMED --enable-native-access=ALL-UNNAMED -Xmx2048m -Dfile.encoding=UTF-8 -Duser.country=IN -Duser.language=en -Duser.variant -javaagent:C:\Users\jerin\.gradle\wrapper\dists\gradle-9.6.0-bin\42k10rwplmzkhuboz9kdazi7s\gradle-9.6.0\lib\agents\gradle-instrumentation-agent-9.6.0.jar 
java_command: org.gradle.launcher.daemon.bootstrap.GradleDaemon 9.6.0
java_class_path (initial): C:\Users\jerin\.gradle\wrapper\dists\gradle-9.6.0-bin\42k10rwplmzkhuboz9kdazi7s\gradle-9.6.0\lib\gradle-daemon-main-9.6.0.jar
Launcher Type: SUN_STANDARD

[Global flags]
     intx CICompilerCount                          = 12                                        {product} {ergonomic}
     uint ConcGCThreads                            = 3                                         {product} {ergonomic}
     uint G1ConcRefinementThreads                  = 13                                        {product} {ergonomic}
   size_t G1HeapRegionSize                         = 1048576                                   {product} {ergonomic}
   size_t InitialHeapSize                          = 266338304                                 {product} {ergonomic}
   size_t MarkStackSize                            = 4194304                                   {product} {ergonomic}
   size_t MarkStackSizeMax                         = 536870912                                 {product} {ergonomic}
   size_t MaxHeapSize                              = 2147483648                                {product} {command line}
   size_t MaxNewSize                               = 1287651328                                {product} {ergonomic}
   size_t MinHeapDeltaBytes                        = 1048576                                   {product} {ergonomic}
   size_t MinHeapSize                              = 8388608                                   {product} {ergonomic}
    uintx NonNMethodCodeHeapSize                   = 7667712                                {pd product} {ergonomic}
    uintx NonProfiledCodeHeapSize                  = 122028032                              {pd product} {ergonomic}
    uintx ProfiledCodeHeapSize                     = 122028032                              {pd product} {ergonomic}
    uintx ReservedCodeCacheSize                    = 251723776                              {pd product} {ergonomic}
     bool SegmentedCodeCache                       = true                                      {product} {ergonomic}
   size_t SoftMaxHeapSize                          = 2147483648                             {manageable} {ergonomic}
     bool UseCompressedOops                        = true                           {product lp64_product} {ergonomic}
     bool UseG1GC                                  = true                                      {product} {ergonomic}
     bool UseLargePagesIndividualAllocation        = false                                  {pd product} {ergonomic}

Logging:
Log output configuration:
 #0: stdout all=warning uptime,level,tags foldmultilines=false
 #1: stderr all=off uptime,level,tags foldmultilines=false

Release file:
JAVA_VERSION="25.0.3" 
MODULES="java.base java.compiler java.datatransfer java.xml java.prefs java.desktop java.instrument java.logging java.management java.security.sasl java.naming java.rmi java.management.rmi java.net.http java.scripting java.security.jgss java.transaction.xa java.sql java.sql.rowset java.xml.crypto java.se java.smartcardio jdk.accessibility jdk.internal.jvmstat jdk.attach jdk.charsets jdk.internal.opt jdk.zipfs jdk.compiler jdk.crypto.cryptoki jdk.crypto.ec jdk.dynalink jdk.hotspot.agent jdk.httpserver jdk.internal.ed jdk.internal.le jdk.internal.md jdk.internal.vm.ci jdk.jartool jdk.javadoc jdk.jcmd jdk.jdeps jdk.jdwp.agent jdk.jdi jdk.jfr jdk.jlink jdk.localedata jdk.management jdk.management.agent jdk.management.jfr jdk.naming.dns jdk.naming.rmi jdk.net jdk.sctp jdk.security.auth jdk.security.jgss jdk.unsupported jdk.unsupported.desktop jdk.xml.dom" 
IMPLEMENTOR="JetBrains s.r.o." 
JAVA_RUNTIME_VERSION="25.0.3+-15898627-b508.16" 
LIBC="default" 
OS_ARCH="x86_64" 
OS_NAME="Windows" 
SOURCE=".:git:a8b1dba3234f" 

Environment Variables:
JAVA_HOME=C:\Program Files\Java\jdk-17
PATH=C:\Program Files\Eclipse Adoptium\jdk-8.0.462.8-hotspot\bin;C:\Python313\Scripts\;C:\Python313\;C:\Program Files\Eclipse Adoptium\jre-21.0.4.7-hotspot\bin;C:\Program Files\Java\jdk-17\bin;C:\Program Files\Common Files\Oracle\Java\javapath;C:\Program Files (x86)\Common Files\Oracle\Java\java8path;C:\Program Files (x86)\Common Files\Oracle\Java\javapath;C:\msys64\mingw64\bin;C:\Windows\system32;C:\Windows;C:\Windows\System32\Wbem;C:\Windows\System32\WindowsPowerShell\v1.0\;C:\Windows\System32\OpenSSH\;C:\Program Files (x86)\GnuWin32\bin;C:\MinGW\bin;C:\Program Files\mongodb-win32-x86_64-windows-4.4.2\bin;C:\Program Files\MongoDB\Server\4.4\bin;C:\WINDOWS\system32;C:\WINDOWS;C:\WINDOWS\System32\Wbem;C:\WINDOWS\System32\WindowsPowerShell\v1.0\;C:\WINDOWS\System32\OpenSSH\;C:\Program Files\ChromeDriver;C:\Program Files\Git LFS;C:\ProgramData\chocolatey\bin;C:\Program Files\dotnet\;C:\WINDOWS\system32;C:\WINDOWS;C:\WINDOWS\System32\Wbem;C:\WINDOWS\System32\WindowsPowerShell\v1.0\;C:\WINDOWS\System32\OpenSSH\;C:\Program Files (x86)\NVIDIA Corporation\PhysX\Common;C:\Program Files\NVIDIA Corporation\NVIDIA app\NvDLISR;C:\Program Files\nodejs\;C:\Program Files\PuTTY\;C:\Program Files\Git\cmd;C:\Program Files\Go\bin;C:\Users\jerin\AppData\Local\Programs\Python\Python39\Scripts\;C:\Users\jerin\AppData\Local\Programs\Python\Python39\;C:\Users\jerin\AppData\Local\Microsoft\WindowsApps;;C:\Users\jerin\AppData\Local\Programs\Microsoft VS Code\bin;C:\Program Files\heroku\bin;C:\Users\jerin\AppData\Local\Microsoft\WinGet\Packages\GorillaDevs.Ferium_Microsoft.Winget.Source_8wekyb3d8bbwe;C:\Users\jerin\AppData\Roaming\npm;C:\Users\jerin\go\bin
USERNAME=jerin
OS=Windows_NT
PROCESSOR_IDENTIFIER=AMD64 Family 23 Model 96 Stepping 1, AuthenticAMD
TMP=C:\Users\jerin\AppData\Local\Temp
TEMP=C:\Users\jerin\AppData\Local\Temp




Compilation memory statistics disabled.

Periodic native trim disabled

JNI global refs:
JNI global refs: 35, weak refs: 0

JNI global refs memory usage: 835, weak refs: 833

Process memory usage:
Resident Set Size: 745644K (4% of 16643396K total physical memory with 3521364K free physical memory)

OOME stack traces (most recent first):
Classloader memory used:
Loader org.gradle.internal.classloader.VisitableURLClassLoader$InstrumentingVisitableURLClassLoader: 50376 K
Loader org.gradle.internal.classloader.VisitableURLClassLoader                         : 47916 K
Loader bootstrap                                                                       : 34736 K
Loader org.gradle.initialization.MixInLegacyTypesClassLoader                           : 13086 K
Loader org.gradle.internal.classloader.VisitableURLClassLoader                         : 349 K
Loader jdk.internal.loader.ClassLoaders$AppClassLoader                                 : 188 K
Loader jdk.internal.loader.ClassLoaders$PlatformClassLoader                            : 163 K
Loader org.gradle.groovy.scripts.internal.DefaultScriptCompilationHandler$ScriptClassLoader: 123 K

Classes loaded by more than one classloader:
Class Program                                                                         : loaded 5 times (x 74B)
Class com.google.common.collect.ImmutableList                                         : loaded 3 times (x 208B)
Class Build_gradle                                                                    : loaded 3 times (x 128B)
Class com.google.common.base.Preconditions                                            : loaded 3 times (x 73B)
Class com.google.common.collect.ImmutableSet$RegularSetBuilderImpl                    : loaded 3 times (x 78B)
Class com.google.common.collect.ImmutableSet                                          : loaded 3 times (x 147B)
Class com.google.common.collect.ImmutableSet$SetBuilderImpl                           : loaded 3 times (x 78B)
Class com.google.common.collect.ImmutableAsList                                       : loaded 3 times (x 211B)
Class com.google.common.collect.ImmutableSet$CachingAsList                            : loaded 3 times (x 150B)
Class com.google.common.collect.ImmutableCollection                                   : loaded 3 times (x 127B)
Class com.google.common.collect.SingletonImmutableSet                                 : loaded 3 times (x 148B)
Class com.google.common.collect.RegularImmutableSet                                   : loaded 3 times (x 150B)
Class com.google.common.collect.RegularImmutableAsList                                : loaded 3 times (x 219B)
Class com.google.common.util.concurrent.ExecutionError                                : loaded 2 times (x 84B)
Class ijJvmDebugger1_rsmrpmcm41jcpjrliihlvcye$_run_closure1$_closure2                 : loaded 2 times (x 141B)
Class com.google.common.io.ByteArrayDataOutput                                        : loaded 2 times (x 72B)
Class com.google.gson.stream.MalformedJsonException                                   : loaded 2 times (x 84B)
Class com.google.common.collect.RegularImmutableMap                                   : loaded 2 times (x 122B)
Class com.google.common.collect.ImmutableMap$MapViewOfValuesAsSingletonSets           : loaded 2 times (x 128B)
Class com.google.common.collect.TransformedListIterator                               : loaded 2 times (x 95B)
Class [Lorg.objectweb.asm.Symbol;                                                     : loaded 2 times (x 71B)
Class org.objectweb.asm.ClassVisitor                                                  : loaded 2 times (x 90B)
Class com.google.common.collect.UnmodifiableListIterator                              : loaded 2 times (x 97B)
Class com.google.common.collect.MapMakerInternalMap$StrongKeyDummyValueEntry$LinkedStrongKeyDummyValueEntry: loaded 2 times (x 84B)
Class com.google.common.collect.MapMakerInternalMap$Strength                          : loaded 2 times (x 82B)
Class com.google.common.base.Platform$JdkPatternCompiler                              : loaded 2 times (x 77B)
Class org.objectweb.asm.MethodTooLargeException                                       : loaded 2 times (x 84B)
Class [Lcom.google.common.cache.CacheBuilder$OneWeigher;                              : loaded 2 times (x 71B)
Class com.google.common.base.Suppliers                                                : loaded 2 times (x 73B)
Class org.gradle.internal.classloader.DefaultClassLoaderFactory                       : loaded 2 times (x 84B)
Class [Lcom.google.common.collect.AbstractIterator$State;                             : loaded 2 times (x 71B)
Class com.google.common.base.CharMatcher$None                                         : loaded 2 times (x 114B)
Class [Lcom.google.common.collect.ImmutableMapEntry;                                  : loaded 2 times (x 71B)
Class com.google.common.collect.ListMultimap                                          : loaded 2 times (x 72B)
Class com.google.common.collect.ImmutableEnumMap                                      : loaded 2 times (x 128B)
Class com.google.common.collect.Iterators$EmptyModifiableIterator                     : loaded 2 times (x 88B)
Class com.google.common.base.Splitter                                                 : loaded 2 times (x 74B)
Class com.google.common.collect.Sets$1                                                : loaded 2 times (x 143B)
Class org.objectweb.asm.AnnotationVisitor                                             : loaded 2 times (x 80B)
Class org.gradle.api.internal.DefaultClassPathProvider                                : loaded 2 times (x 78B)
Class com.google.common.collect.MapMakerInternalMap$Strength$1                        : loaded 2 times (x 82B)
Class com.google.common.collect.Maps$ViewCachingAbstractMap                           : loaded 2 times (x 127B)
Class com.google.common.collect.Sets$2                                                : loaded 2 times (x 143B)
Class [Lorg.gradle.api.internal.ClassPathProvider;                                    : loaded 2 times (x 71B)
Class org.gradle.api.internal.ClassPathProvider                                       : loaded 2 times (x 72B)
Class com.google.common.collect.MapMakerInternalMap$Strength$2                        : loaded 2 times (x 82B)
Class com.google.common.base.AbstractIterator$State                                   : loaded 2 times (x 81B)
Class [Lorg.objectweb.asm.AnnotationVisitor;                                          : loaded 2 times (x 71B)
Class com.google.common.collect.Sets$3                                                : loaded 2 times (x 143B)
Class com.google.common.cache.LocalCache$LocalLoadingCache                            : loaded 2 times (x 136B)
Class org.gradle.internal.service.UnknownServiceException                             : loaded 2 times (x 85B)
Class com.google.common.io.ByteArrayDataInput                                         : loaded 2 times (x 72B)
Class com.google.common.collect.MapMakerInternalMap$StrongValueEntry                  : loaded 2 times (x 72B)
Class com.google.common.collect.Sets$4                                                : loaded 2 times (x 143B)
Class org.objectweb.asm.ModuleVisitor                                                 : loaded 2 times (x 83B)
Class com.google.common.cache.LocalCache$Strength$1                                   : loaded 2 times (x 83B)
Class com.google.common.util.concurrent.SettableFuture                                : loaded 2 times (x 116B)
Class com.google.common.cache.LocalCache$Strength$2                                   : loaded 2 times (x 83B)
Class com.google.common.io.ByteStreams                                                : loaded 2 times (x 73B)
Class com.google.common.collect.Interners$InternerImpl                                : loaded 2 times (x 77B)
Class com.google.common.collect.Interner                                              : loaded 2 times (x 72B)
Class com.google.common.collect.TransformedIterator                                   : loaded 2 times (x 82B)
Class com.google.common.base.Splitter$1                                               : loaded 2 times (x 79B)
Class com.google.common.cache.LocalCache$Strength$3                                   : loaded 2 times (x 83B)
Class com.google.common.collect.MapDifference                                         : loaded 2 times (x 72B)
Class com.google.common.collect.MapMaker$Dummy                                        : loaded 2 times (x 81B)
Class org.objectweb.asm.FieldWriter                                                   : loaded 2 times (x 79B)
Class com.google.common.cache.CacheBuilder$NullListener                               : loaded 2 times (x 84B)
Class org.gradle.internal.classpath.TransformedClassPath                              : loaded 2 times (x 98B)
Class org.gradle.internal.classloader.InstrumentingClassLoader                        : loaded 2 times (x 72B)
Class com.google.common.collect.ImmutableListMultimap                                 : loaded 2 times (x 178B)
Class com.google.common.collect.Iterators$ArrayItr                                    : loaded 2 times (x 99B)
Class com.google.common.cache.CacheLoader$FunctionToCacheLoader                       : loaded 2 times (x 77B)
Class com.google.common.collect.ImmutableCollection$Builder                           : loaded 2 times (x 78B)
Class com.google.common.collect.EmptyImmutableListMultimap                            : loaded 2 times (x 178B)
Class com.google.common.collect.BaseImmutableMultimap                                 : loaded 2 times (x 125B)
Class com.google.common.base.Joiner                                                   : loaded 2 times (x 82B)
Class com.google.common.base.MoreObjects                                              : loaded 2 times (x 73B)
Class com.google.common.collect.Platform                                              : loaded 2 times (x 73B)
Class [Lorg.objectweb.asm.Type;                                                       : loaded 2 times (x 71B)
Class com.google.common.collect.UnmodifiableIterator                                  : loaded 2 times (x 82B)
Class ijKotlinCoroutineJvmDebugInit1_a25ibew97s2o9ym4iyhry3k7z                        : loaded 2 times (x 173B)
Class org.gradle.internal.service.ServiceLocator                                      : loaded 2 times (x 72B)
Class com.google.common.base.Ascii                                                    : loaded 2 times (x 73B)
Class com.google.common.collect.SingletonImmutableBiMap                               : loaded 2 times (x 145B)
Class com.google.common.collect.Iterators$SingletonIterator                           : loaded 2 times (x 83B)
Class com.google.common.cache.LocalCache$1                                            : loaded 2 times (x 91B)
Class com.google.common.collect.AbstractMapEntry                                      : loaded 2 times (x 83B)
Class com.google.common.collect.AbstractSetMultimap                                   : loaded 2 times (x 175B)
Class com.google.common.collect.MapMakerInternalMap$AbstractStrongKeyEntry            : loaded 2 times (x 82B)
Class com.google.common.collect.Sets$ImprovedAbstractSet                              : loaded 2 times (x 137B)
Class com.google.common.collect.ImmutableList$Builder                                 : loaded 2 times (x 79B)
Class com.google.common.collect.AbstractMultimap                                      : loaded 2 times (x 125B)
Class com.google.common.cache.LocalCache$2                                            : loaded 2 times (x 144B)
Class com.google.common.collect.ImmutableList$1                                       : loaded 2 times (x 99B)
Class com.google.common.base.Optional                                                 : loaded 2 times (x 82B)
Class com.google.common.util.concurrent.AbstractFuture$Trusted                        : loaded 2 times (x 72B)
Class com.google.common.collect.Iterators                                             : loaded 2 times (x 73B)
Class com.google.common.io.ByteSink$AsCharSink                                        : loaded 2 times (x 82B)
Class com.google.common.collect.Lists$StringAsImmutableList                           : loaded 2 times (x 209B)
Class com.google.common.util.concurrent.UncheckedExecutionException                   : loaded 2 times (x 84B)
Class org.gradle.kotlin.dsl.VersionCatalogAccessorsKt                                 : loaded 2 times (x 73B)
Class com.google.common.collect.HashMultimapGwtSerializationDependencies              : loaded 2 times (x 175B)
Class com.google.common.collect.AbstractMapBasedMultimap$KeySet$1                     : loaded 2 times (x 84B)
Class org.objectweb.asm.ClassWriter                                                   : loaded 2 times (x 107B)
Class com.google.common.cache.CacheLoader$UnsupportedLoadingOperationException        : loaded 2 times (x 84B)
Class com.google.common.base.CharMatcher$And                                          : loaded 2 times (x 114B)
Class com.google.common.collect.FluentIterable$1                                      : loaded 2 times (x 83B)
Class com.google.common.base.Objects                                                  : loaded 2 times (x 73B)
Class org.objectweb.asm.FieldVisitor                                                  : loaded 2 times (x 79B)
Class com.google.common.collect.IndexedImmutableSet                                   : loaded 2 times (x 154B)
Class com.google.common.collect.ImmutableMap$1                                        : loaded 2 times (x 83B)
Class com.google.common.collect.BiMap                                                 : loaded 2 times (x 72B)
Class org.gradle.api.internal.classpath.DefaultModuleRegistry$DefaultModule           : loaded 2 times (x 84B)
Class com.google.common.base.Absent                                                   : loaded 2 times (x 82B)
Class com.google.common.collect.FluentIterable$2                                      : loaded 2 times (x 83B)
Class com.google.common.primitives.Ints                                               : loaded 2 times (x 73B)
Class com.google.common.collect.AbstractIterator                                      : loaded 2 times (x 84B)
Class com.google.common.collect.FluentIterable$3                                      : loaded 2 times (x 83B)
Class com.google.common.collect.ObjectArrays                                          : loaded 2 times (x 73B)
Class com.google.common.math.MathPreconditions                                        : loaded 2 times (x 73B)
Class com.google.common.collect.Multiset                                              : loaded 2 times (x 72B)
Class com.google.common.collect.ArrayListMultimapGwtSerializationDependencies         : loaded 2 times (x 173B)
Class com.google.common.collect.AbstractIndexedListIterator                           : loaded 2 times (x 98B)
Class com.google.common.collect.ImmutableMapEntrySet                                  : loaded 2 times (x 154B)
Class org.gradle.api.internal.classpath.Module                                        : loaded 2 times (x 72B)
Class com.google.common.cache.Weigher                                                 : loaded 2 times (x 72B)
Class org.gradle.api.internal.classpath.UnknownModuleException                        : loaded 2 times (x 84B)
Class com.google.common.base.Stopwatch                                                : loaded 2 times (x 74B)
Class com.google.common.cache.LocalCache$Strength                                     : loaded 2 times (x 83B)
Class com.google.common.cache.Cache                                                   : loaded 2 times (x 72B)
Class com.google.gson.stream.JsonReader$1                                             : loaded 2 times (x 74B)
Class com.google.common.io.AppendableWriter                                           : loaded 2 times (x 101B)
Class com.google.common.base.NullnessCasts                                            : loaded 2 times (x 73B)
Class com.google.common.util.concurrent.AbstractFuture$Cancellation                   : loaded 2 times (x 74B)
Class com.google.common.collect.ImmutableMap$Builder                                  : loaded 2 times (x 84B)
Class com.google.common.collect.AbstractMapBasedMultimap$WrappedCollection$WrappedIterator: loaded 2 times (x 86B)
Class com.google.common.base.Present                                                  : loaded 2 times (x 83B)
Class com.google.common.cache.RemovalListener                                         : loaded 2 times (x 72B)
Class org.gradle.api.internal.DefaultClassPathRegistry                                : loaded 2 times (x 78B)
Class com.google.common.collect.ImmutableMultimap$Keys                                : loaded 2 times (x 168B)
Class com.google.common.primitives.IntsMethodsForWeb                                  : loaded 2 times (x 73B)
Class com.google.common.collect.Multimap                                              : loaded 2 times (x 72B)
Class org.gradle.internal.classpath.DefaultClassPath$ImmutableUniqueList              : loaded 2 times (x 201B)
Class org.gradle.api.internal.ClassPathRegistry                                       : loaded 2 times (x 72B)
Class com.google.common.collect.NullnessCasts                                         : loaded 2 times (x 73B)
Class com.google.common.collect.MapMakerInternalMap$Segment                           : loaded 2 times (x 143B)
Class com.google.common.base.ExtraObjectsMethodsForWeb                                : loaded 2 times (x 73B)
Class com.google.common.collect.ImmutableEnumSet                                      : loaded 2 times (x 148B)
Class com.google.common.io.ByteSink                                                   : loaded 2 times (x 78B)
Class com.google.common.collect.SingletonImmutableList                                : loaded 2 times (x 209B)
Class com.google.common.cache.CacheBuilder                                            : loaded 2 times (x 74B)
Class Settings_gradle$1                                                               : loaded 2 times (x 76B)
Class org.gradle.internal.classpath.ClassPath                                         : loaded 2 times (x 72B)
Class com.google.common.collect.Interners$InternerBuilder                             : loaded 2 times (x 78B)
Class com.google.common.io.Files$FileByteSource                                       : loaded 2 times (x 87B)
Class com.google.common.base.JdkPattern                                               : loaded 2 times (x 77B)
Class com.google.common.collect.ImmutableList$ReverseImmutableList                    : loaded 2 times (x 211B)
Class com.google.common.io.CharStreams$NullWriter                                     : loaded 2 times (x 101B)
Class org.objectweb.asm.SymbolTable$Entry                                             : loaded 2 times (x 75B)
Class com.google.gson.internal.JsonReaderInternalAccess                               : loaded 2 times (x 74B)
Class org.gradle.api.internal.classpath.DefaultModuleRegistry$DefaultModuleAlias      : loaded 2 times (x 82B)
Class org.objectweb.asm.Edge                                                          : loaded 2 times (x 74B)
Class com.google.common.collect.Iterators$1                                           : loaded 2 times (x 83B)
Class com.google.common.base.Suppliers$SupplierOfInstance                             : loaded 2 times (x 81B)
Class org.gradle.tooling.model.Model                                                  : loaded 2 times (x 72B)
Class com.google.common.collect.AbstractMapBasedMultimap$WrappedCollection            : loaded 2 times (x 126B)
Class com.google.common.cache.LocalCache$ComputingValueReference                      : loaded 2 times (x 98B)
Class com.google.common.collect.ImmutableMap$IteratorBasedImmutableMap                : loaded 2 times (x 128B)
Class com.google.common.cache.LocalCache$Segment                                      : loaded 2 times (x 155B)
Class com.google.common.collect.AbstractListMultimap                                  : loaded 2 times (x 173B)
Class [Lorg.objectweb.asm.SymbolTable$Entry;                                          : loaded 2 times (x 71B)
Class com.google.common.collect.Iterators$4                                           : loaded 2 times (x 84B)
Class com.google.common.cache.CacheLoader                                             : loaded 2 times (x 76B)
Class com.google.common.collect.ImmutableBiMap                                        : loaded 2 times (x 145B)
Class org.gradle.api.internal.classpath.ModuleRegistry                                : loaded 2 times (x 72B)
Class org.gradle.internal.installation.GradleInstallation$1                           : loaded 2 times (x 77B)
Class com.google.common.base.Splitter$SplittingIterator                               : loaded 2 times (x 85B)
Class com.google.common.collect.ImmutableSet$JdkBackedSetBuilderImpl                  : loaded 2 times (x 78B)
Class com.google.common.util.concurrent.internal.InternalFutureFailureAccess          : loaded 2 times (x 74B)
Class com.google.common.collect.Iterators$5                                           : loaded 2 times (x 84B)
Class com.google.common.collect.ImmutableMultimap$Values                              : loaded 2 times (x 128B)
Class com.google.common.cache.LocalCache$LocalManualCache$1                           : loaded 2 times (x 77B)
Class com.google.common.base.CharMatcher$ForPredicate                                 : loaded 2 times (x 114B)
Class com.google.common.base.CharMatcher$AnyOf                                        : loaded 2 times (x 114B)
Class org.gradle.internal.classloader.ClassLoaderHierarchy                            : loaded 2 times (x 72B)
Class org.gradle.api.internal.classpath.DefaultModuleRegistry                         : loaded 2 times (x 86B)
Class com.google.common.collect.Lists                                                 : loaded 2 times (x 73B)
Class com.google.common.util.concurrent.ListenableFuture                              : loaded 2 times (x 72B)
Class com.google.common.cache.ReferenceEntry                                          : loaded 2 times (x 72B)
Class com.google.common.base.Converter                                                : loaded 2 times (x 92B)
Class com.google.common.base.CharMatcher$IsEither                                     : loaded 2 times (x 113B)
Class com.google.common.collect.AbstractMapBasedMultimap                              : loaded 2 times (x 140B)
Class com.google.common.util.concurrent.AbstractFuture                                : loaded 2 times (x 108B)
Class com.google.common.collect.Iterators$9                                           : loaded 2 times (x 83B)
Class com.google.common.io.FileWriteMode                                              : loaded 2 times (x 81B)
Class [Lcom.google.common.base.AbstractIterator$State;                                : loaded 2 times (x 71B)
Class com.google.gson.Strictness                                                      : loaded 2 times (x 81B)
Class com.google.common.io.CharStreams                                                : loaded 2 times (x 73B)
Class com.google.common.collect.ImmutableMultiset                                     : loaded 2 times (x 165B)
Class org.objectweb.asm.RecordComponentVisitor                                        : loaded 2 times (x 79B)
Class com.google.common.cache.CacheLoader$SupplierToCacheLoader                       : loaded 2 times (x 77B)
Class com.google.common.collect.Maps$EntryTransformer                                 : loaded 2 times (x 72B)
Class ijKotlinCoroutineJvmDebugInit1_a25ibew97s2o9ym4iyhry3k7z$_run_closure1$_closure2: loaded 2 times (x 140B)
Class org.gradle.internal.service.ServiceLookupException                              : loaded 2 times (x 84B)
Class [Lcom.google.common.cache.LocalCache$EntryFactory;                              : loaded 2 times (x 71B)
Class org.gradle.internal.classloader.ClassLoaderFactory                              : loaded 2 times (x 72B)
Class com.google.common.collect.ImmutableMap$SerializedForm                           : loaded 2 times (x 75B)
Class com.google.common.base.CommonPattern                                            : loaded 2 times (x 76B)
Class com.google.common.cache.LocalCache$LocalManualCache                             : loaded 2 times (x 101B)
Class com.google.common.base.CharMatcher$IsNot                                        : loaded 2 times (x 113B)
Class org.gradle.internal.service.CachingServiceLocator                               : loaded 2 times (x 84B)
Class com.google.common.collect.AbstractMapBasedMultimap$KeySet                       : loaded 2 times (x 139B)
Class com.google.common.math.IntMath                                                  : loaded 2 times (x 73B)
Class com.google.common.collect.MapMakerInternalMap$InternalEntry                     : loaded 2 times (x 72B)
Class com.google.common.collect.ImmutableMapEntry                                     : loaded 2 times (x 87B)
Class com.google.common.collect.ImmutableMultimap                                     : loaded 2 times (x 148B)
Class com.google.common.base.Equivalence                                              : loaded 2 times (x 84B)
Class com.google.common.base.Function                                                 : loaded 2 times (x 72B)
Class com.google.common.collect.ImmutableMapEntry$NonTerminalImmutableMapEntry        : loaded 2 times (x 87B)
Class com.google.common.collect.IndexedImmutableSet$1                                 : loaded 2 times (x 215B)
Class com.google.common.collect.RegularImmutableList                                  : loaded 2 times (x 215B)
Class com.google.common.cache.CacheBuilder$OneWeigher                                 : loaded 2 times (x 84B)
Class org.gradle.internal.classloader.ClasspathUtil                                   : loaded 2 times (x 73B)
Class com.google.common.util.concurrent.Uninterruptibles                              : loaded 2 times (x 73B)
Class com.google.common.collect.AbstractMapBasedMultimap$WrappedSet                   : loaded 2 times (x 144B)
Class com.google.common.util.concurrent.LazyLogger                                    : loaded 2 times (x 74B)
Class com.google.common.collect.Maps                                                  : loaded 2 times (x 73B)
Class org.gradle.api.specs.Spec                                                       : loaded 2 times (x 72B)
Class com.google.common.collect.MapMaker                                              : loaded 2 times (x 74B)
Class [Lcom.google.common.collect.ImmutableEntry;                                     : loaded 2 times (x 71B)
Class com.google.common.cache.LocalCache$LoadingValueReference                        : loaded 2 times (x 98B)
Class com.google.common.collect.MapMakerInternalMap$StrongKeyDummyValueEntry          : loaded 2 times (x 84B)
Class com.google.common.io.LineReader$1                                               : loaded 2 times (x 77B)
Class com.google.common.collect.CollectSpliterators                                   : loaded 2 times (x 73B)
Class com.google.common.collect.AbstractMapBasedMultimap$AsMap                        : loaded 2 times (x 130B)
Class com.google.common.base.Platform                                                 : loaded 2 times (x 73B)
Class com.google.common.collect.AbstractMapBasedMultimap$WrappedList                  : loaded 2 times (x 207B)
Class [Lorg.objectweb.asm.AnnotationWriter;                                           : loaded 2 times (x 71B)
Class com.google.common.collect.Maps$8                                                : loaded 2 times (x 84B)
Class [Lcom.google.common.collect.Iterators$EmptyModifiableIterator;                  : loaded 2 times (x 71B)
Class com.google.common.collect.Sets$SetView                                          : loaded 2 times (x 141B)
Class com.google.common.cache.LocalCache$StrongValueReference                         : loaded 2 times (x 92B)
Class com.google.common.graph.SuccessorsFunction                                      : loaded 2 times (x 72B)
Class [Lcom.google.gson.stream.JsonToken;                                             : loaded 2 times (x 71B)
Class org.objectweb.asm.Type                                                          : loaded 2 times (x 74B)
Class org.gradle.internal.classloader.VisitableURLClassLoader$InstrumentingVisitableURLClassLoader: loaded 2 times (x 124B)
Class com.google.common.collect.MapMakerInternalMap$StrongKeyDummyValueEntry$Helper   : loaded 2 times (x 81B)
Class com.google.common.io.Files$FileByteSink                                         : loaded 2 times (x 79B)
Class com.google.common.math.IntMath$1                                                : loaded 2 times (x 73B)
Class org.objectweb.asm.ByteVector                                                    : loaded 2 times (x 81B)
Class [Lcom.google.common.cache.CacheBuilder$NullListener;                            : loaded 2 times (x 71B)
Class org.gradle.internal.classloader.VisitableURLClassLoader$Spec                    : loaded 2 times (x 76B)
Class org.gradle.internal.classpath.DefaultClassPath                                  : loaded 2 times (x 92B)
Class com.google.common.base.AbstractIterator                                         : loaded 2 times (x 82B)
Class org.objectweb.asm.Symbol                                                        : loaded 2 times (x 75B)
Class com.google.common.io.Closer                                                     : loaded 2 times (x 80B)
Class com.google.common.io.Java8Compatibility                                         : loaded 2 times (x 73B)
Class com.google.common.base.CharMatcher$BitSetMatcher                                : loaded 2 times (x 114B)
Class [Lcom.google.gson.Strictness;                                                   : loaded 2 times (x 71B)
Class [Lcom.google.common.collect.MapMakerInternalMap$Segment;                        : loaded 2 times (x 71B)
Class com.google.common.collect.RegularImmutableMap$Values                            : loaded 2 times (x 209B)
Class org.gradle.internal.classloader.ClassLoaderSpec                                 : loaded 2 times (x 73B)
Class org.objectweb.asm.AnnotationWriter                                              : loaded 2 times (x 80B)
Class com.google.common.cache.CacheStats                                              : loaded 2 times (x 73B)
Class com.google.common.io.Closer$Suppressor                                          : loaded 2 times (x 72B)
Class [Lcom.google.common.base.Predicate;                                             : loaded 2 times (x 71B)
Class com.google.common.collect.Interners                                             : loaded 2 times (x 73B)
Class com.google.common.io.LineProcessor                                              : loaded 2 times (x 72B)
Class com.google.common.collect.ImmutableMultisetGwtSerializationDependencies         : loaded 2 times (x 127B)
Class org.objectweb.asm.RecordComponentWriter                                         : loaded 2 times (x 79B)
Class com.google.common.util.concurrent.AbstractFuture$Listener                       : loaded 2 times (x 74B)
Class com.google.common.base.CharMatcher$Or                                           : loaded 2 times (x 114B)
Class Settings_gradle$1$1                                                             : loaded 2 times (x 76B)
Class org.gradle.api.internal.classpath.Module$ModuleAlias                            : loaded 2 times (x 72B)
Class org.objectweb.asm.Attribute                                                     : loaded 2 times (x 79B)
Class com.google.common.base.Supplier                                                 : loaded 2 times (x 72B)
Class org.gradle.internal.classloader.VisitableURLClassLoader                         : loaded 2 times (x 118B)
Class com.google.common.collect.ImmutableList$SerializedForm                          : loaded 2 times (x 75B)
Class Settings_gradle                                                                 : loaded 2 times (x 126B)
Class org.gradle.internal.Cast                                                        : loaded 2 times (x 73B)
Class org.gradle.api.Action                                                           : loaded 2 times (x 72B)
Class com.google.common.collect.MapMakerInternalMap                                   : loaded 2 times (x 162B)
Class com.google.common.base.Strings                                                  : loaded 2 times (x 73B)
Class com.google.common.collect.Sets                                                  : loaded 2 times (x 73B)
Class org.objectweb.asm.Handler                                                       : loaded 2 times (x 74B)
Class com.google.common.base.Ticker                                                   : loaded 2 times (x 74B)
Class com.google.common.base.CharMatcher$FastMatcher                                  : loaded 2 times (x 113B)
Class ijJvmDebugger1_rsmrpmcm41jcpjrliihlvcye$_run_closure1                           : loaded 2 times (x 140B)
Class [Lcom.google.common.cache.LocalCache$Segment;                                   : loaded 2 times (x 71B)
Class [Lcom.google.common.cache.LocalCache$Strength;                                  : loaded 2 times (x 71B)
Class com.google.common.cache.CacheBuilder$1                                          : loaded 2 times (x 87B)
Class com.google.common.base.Predicate                                                : loaded 2 times (x 72B)
Class com.google.common.collect.ImmutableMap                                          : loaded 2 times (x 122B)
Class org.gradle.internal.classpath.DefaultClassPath$ImmutableUniqueList$Builder      : loaded 2 times (x 77B)
Class com.google.common.collect.MapMakerInternalMap$WeakValueReference                : loaded 2 times (x 72B)
Class com.google.gson.stream.JsonToken                                                : loaded 2 times (x 81B)
Class com.google.common.cache.LocalCache                                              : loaded 2 times (x 188B)
Class com.google.common.cache.CacheBuilder$2                                          : loaded 2 times (x 81B)
Class com.google.common.base.CharMatcher$NegatedFastMatcher                           : loaded 2 times (x 115B)
Class com.google.common.collect.ArrayListMultimap                                     : loaded 2 times (x 173B)
Class com.google.common.cache.CacheBuilder$3                                          : loaded 2 times (x 74B)
Class [Lcom.google.common.collect.AbstractMapEntry;                                   : loaded 2 times (x 71B)
Class com.google.common.collect.ImmutableEntry                                        : loaded 2 times (x 84B)
Class org.gradle.api.GradleException                                                  : loaded 2 times (x 84B)
Class com.google.common.base.Suppliers$MemoizingSupplier                              : loaded 2 times (x 81B)
Class com.google.common.collect.CollectPreconditions                                  : loaded 2 times (x 73B)
Class [Lcom.google.common.collect.MapMakerInternalMap$Strength;                       : loaded 2 times (x 71B)
Class [Lcom.google.common.io.FileWriteMode;                                           : loaded 2 times (x 71B)
Class com.google.common.collect.SortedMapDifference                                   : loaded 2 times (x 72B)
Class com.google.common.cache.LocalCache$WriteThroughEntry                            : loaded 2 times (x 81B)
Class com.google.common.cache.LocalCache$HashIterator                                 : loaded 2 times (x 88B)
Class com.google.common.collect.Iterables$4                                           : loaded 2 times (x 83B)
Class com.google.common.collect.MapMakerInternalMap$StrongKeyDummyValueSegment        : loaded 2 times (x 143B)
Class com.google.common.io.Files                                                      : loaded 2 times (x 73B)
Class com.google.common.cache.LocalCache$EntryFactory                                 : loaded 2 times (x 85B)
Class [Lcom.google.common.collect.MapMaker$Dummy;                                     : loaded 2 times (x 71B)
Class com.google.common.base.CharMatcher$Whitespace                                   : loaded 2 times (x 114B)
Class com.google.common.cache.LocalCache$AbstractReferenceEntry                       : loaded 2 times (x 109B)
Class org.gradle.internal.IoActions                                                   : loaded 2 times (x 73B)
Class com.google.common.collect.ImmutableMapKeySet                                    : loaded 2 times (x 154B)
Class org.objectweb.asm.SymbolTable                                                   : loaded 2 times (x 74B)
Class org.gradle.internal.classloader.FilteringClassLoader                            : loaded 2 times (x 106B)
Class com.google.common.cache.CacheLoader$InvalidCacheLoadException                   : loaded 2 times (x 84B)
Class com.google.common.collect.FluentIterable                                        : loaded 2 times (x 83B)
Class com.google.common.cache.LocalCache$StrongEntry                                  : loaded 2 times (x 110B)
Class com.google.common.util.concurrent.AbstractFuture$TrustedFuture                  : loaded 2 times (x 116B)
Class com.google.common.cache.LoadingCache                                            : loaded 2 times (x 72B)
Class com.google.common.io.ByteStreams$LimitedInputStream                             : loaded 2 times (x 94B)
Class com.google.common.base.Suppliers$NonSerializableMemoizingSupplier               : loaded 2 times (x 81B)
Class org.objectweb.asm.MethodWriter                                                  : loaded 2 times (x 107B)
Class [Lcom.google.common.cache.Weigher;                                              : loaded 2 times (x 71B)
Class com.google.common.collect.RegularImmutableMap$BucketOverflowException           : loaded 2 times (x 84B)
Class com.google.common.collect.ImmutableMultimap$1                                   : loaded 2 times (x 84B)
Class com.google.common.collect.AbstractMapBasedMultimap$RandomAccessWrappedList      : loaded 2 times (x 207B)
Class ijKotlinCoroutineJvmDebugInit1_a25ibew97s2o9ym4iyhry3k7z$_run_closure1          : loaded 2 times (x 140B)
Class com.google.common.collect.AbstractIterator$State                                : loaded 2 times (x 81B)
Class com.google.common.collect.ImmutableMultimap$2                                   : loaded 2 times (x 83B)
Class com.google.common.collect.RegularImmutableBiMap                                 : loaded 2 times (x 150B)
Class com.google.common.cache.LocalCache$ValueReference                               : loaded 2 times (x 72B)
Class com.google.common.base.CharMatcher$Negated                                      : loaded 2 times (x 115B)
Class com.google.common.base.CharMatcher$Is                                           : loaded 2 times (x 113B)
Class com.google.common.base.PatternCompiler                                          : loaded 2 times (x 72B)
Class com.google.common.util.concurrent.AbstractFuture$Failure                        : loaded 2 times (x 74B)
Class com.google.common.base.Equivalence$Equals                                       : loaded 2 times (x 84B)
Class com.google.common.collect.Hashing                                               : loaded 2 times (x 73B)
Class com.google.common.collect.RegularImmutableMap$KeySet                            : loaded 2 times (x 154B)
Class com.google.common.collect.ImmutableSetMultimap                                  : loaded 2 times (x 182B)
Class com.google.common.io.CharSink                                                   : loaded 2 times (x 81B)
Class com.google.common.base.Joiner$1                                                 : loaded 2 times (x 83B)
Class org.objectweb.asm.Label                                                         : loaded 2 times (x 75B)
Class org.objectweb.asm.CurrentFrame                                                  : loaded 2 times (x 75B)
Class org.objectweb.asm.ClassTooLargeException                                        : loaded 2 times (x 84B)
Class com.google.common.collect.PeekingIterator                                       : loaded 2 times (x 72B)
Class com.google.common.base.CharMatcher                                              : loaded 2 times (x 113B)
Class com.google.gson.stream.JsonReader                                               : loaded 2 times (x 99B)
Class com.google.common.collect.MapMakerInternalMap$InternalEntryHelper               : loaded 2 times (x 72B)
Class com.google.common.collect.Maps$IteratorBasedAbstractMap                         : loaded 2 times (x 127B)
Class com.google.common.collect.Table                                                 : loaded 2 times (x 72B)
Class com.google.common.base.Joiner$2                                                 : loaded 2 times (x 82B)
Class org.objectweb.asm.Frame                                                         : loaded 2 times (x 75B)
Class org.objectweb.asm.MethodVisitor                                                 : loaded 2 times (x 107B)
Class com.google.common.cache.LocalCache$EntryFactory$1                               : loaded 2 times (x 85B)
Class [Lcom.google.common.cache.RemovalListener;                                      : loaded 2 times (x 71B)
Class com.google.common.base.CharMatcher$1                                            : loaded 2 times (x 115B)
Class com.google.common.base.CharMatcher$NamedFastMatcher                             : loaded 2 times (x 114B)
Class com.google.common.cache.LocalCache$EntryFactory$2                               : loaded 2 times (x 85B)
Class org.objectweb.asm.ModuleWriter                                                  : loaded 2 times (x 83B)
Class com.google.common.cache.LocalCache$EntryFactory$3                               : loaded 2 times (x 85B)
Class com.google.common.base.Ticker$1                                                 : loaded 2 times (x 74B)
Class com.google.common.collect.Maps$BiMapConverter                                   : loaded 2 times (x 92B)
Class com.google.common.collect.ImmutableMapEntrySet$RegularEntrySet                  : loaded 2 times (x 154B)
Class com.google.common.collect.SetMultimap                                           : loaded 2 times (x 72B)
Class com.google.common.collect.CollectSpliterators$1                                 : loaded 2 times (x 92B)
Class com.google.common.collect.ImmutableSet$Builder                                  : loaded 2 times (x 87B)
Class com.google.common.cache.LocalCache$EntryFactory$4                               : loaded 2 times (x 85B)
Class com.google.common.base.CharMatcher$InRange                                      : loaded 2 times (x 113B)
Class com.google.common.io.ByteStreams$1                                              : loaded 2 times (x 87B)
Class com.google.common.cache.LocalCache$EntryFactory$5                               : loaded 2 times (x 85B)
Class ijJvmDebugger1_rsmrpmcm41jcpjrliihlvcye                                         : loaded 2 times (x 173B)
Class com.google.common.base.Equivalence$Identity                                     : loaded 2 times (x 84B)
Class com.google.common.collect.HashMultimap                                          : loaded 2 times (x 175B)
Class com.google.common.cache.LocalCache$EntryFactory$6                               : loaded 2 times (x 85B)
Class org.gradle.internal.installation.CurrentGradleInstallationLocator               : loaded 2 times (x 73B)
Class com.google.common.collect.ImmutableMultimap$Builder                             : loaded 2 times (x 88B)
Class com.google.common.collect.Maps$KeySet                                           : loaded 2 times (x 139B)
Class com.google.common.collect.ImmutableSet$EmptySetBuilderImpl                      : loaded 2 times (x 78B)
Class com.google.common.cache.LocalCache$EntryFactory$7                               : loaded 2 times (x 85B)
Class com.google.common.base.PairwiseEquivalence                                      : loaded 2 times (x 85B)
Class org.gradle.internal.service.DefaultServiceLocator                               : loaded 2 times (x 85B)
Class com.google.common.collect.ImmutableMultimap$EntryCollection                     : loaded 2 times (x 130B)
Class com.google.common.collect.Maps$EntrySet                                         : loaded 2 times (x 138B)
Class com.google.common.base.FunctionalEquivalence                                    : loaded 2 times (x 85B)
Class com.google.common.cache.LocalCache$EntryFactory$8                               : loaded 2 times (x 85B)
Class org.gradle.util.GradleVersion                                                   : loaded 2 times (x 83B)
Class org.gradle.internal.installation.CurrentGradleInstallation                      : loaded 2 times (x 75B)
Class com.google.common.collect.ImmutableList$SubList                                 : loaded 2 times (x 211B)
Class com.google.common.cache.CacheLoader$1                                           : loaded 2 times (x 77B)
Class com.google.common.collect.ForwardingObject                                      : loaded 2 times (x 74B)
Class org.gradle.util.internal.GUtil                                                  : loaded 2 times (x 73B)
Class com.google.common.io.ByteSource                                                 : loaded 2 times (x 86B)
Class com.google.common.cache.AbstractCache$StatsCounter                              : loaded 2 times (x 72B)
Class com.google.common.collect.MapMakerInternalMap$1                                 : loaded 2 times (x 85B)
Class com.google.common.io.LineBuffer                                                 : loaded 2 times (x 77B)
Class com.google.common.collect.Iterators$MergingIterator                             : loaded 2 times (x 83B)
Class com.google.common.io.LineReader                                                 : loaded 2 times (x 74B)
Class org.gradle.internal.installation.GradleInstallation                             : loaded 2 times (x 77B)
Class com.google.common.base.Splitter$Strategy                                        : loaded 2 times (x 72B)
Class com.google.common.collect.Iterables                                             : loaded 2 times (x 73B)

---------------  S Y S T E M  ---------------

OS:
 Windows 11 , 64 bit Build 26100 (10.0.26100.9444)
OS uptime: 2 days 0:10 hours
Hyper-V role detected

CPU: total 16 (initial active 16) (16 cores per cpu, 2 threads per core) family 23 model 96 stepping 1 microcode 0x8600104, cx8, cmov, fxsr, ht, mmx, 3dnowpref, sse, sse2, sse3, ssse3, sse4a, sse4.1, sse4.2, popcnt, lzcnt, tsc, tscinvbit, avx, avx2, aes, clmul, bmi1, bmi2, adx, sha, fma, vzeroupper, clflush, clflushopt, clwb, hv, rdtscp, rdpid, f16c
Processor Information for the first 16 processors :
  Max Mhz: 2900, Current Mhz: 2900, Mhz Limit: 2900

Memory: 4k page, system-wide physical 16253M (3437M free)
TotalPageFile size 20349M (AvailPageFile size 189M)
current process WorkingSet (physical memory assigned to process): 728M, peak: 730M
current process commit charge ("private bytes"): 772M, peak: 1171M

vm_info: OpenJDK 64-Bit Server VM (25.0.3+-15898627-b508.16) for windows-amd64 JRE (25.0.3+-15898627-b508.16), built on 2026-07-20T17:54:23Z with MS VC++ 16.10 / 16.11 (VS2019)

END.
